Hosp.právní forma,Žadatel,Rozhodnutí/Smlouva o poskytnutí dotace (EU zdroje)
Obecně prospěšná společnost,Techmania Science Center o.p.s.,571.90001401
Obecně prospěšná společnost,"IQLANDIA, o.p.s.",406.79435775
Obecně prospěšná společnost,"Energeia, o.p.s.",254.27122
Obecně prospěšná společnost,"Člověk v tísni, o.p.s.",244.38262243999998
Obecně prospěšná společnost,"Muzeum a společenské centrum Dobrovice, o.p.s.",162.95215238
Obecně prospěšná společnost,"Centrála cestovního ruchu Východní Moravy, o.p.s.",135.85384266
Obecně prospěšná společnost,OSTROV ZDRAVÍ o.p.s.,127.94485743
Nadace,",, Nadace Josefa Viewegha Sklářská huť František """,127.051259
Nadace,"Nadace Partnerství (v mezinárodním styku ""Czech Environmental Partnership Foundation - CEPF)",91.59897619
Obecně prospěšná společnost,"Vyšší odborná škola DAKOL a Střední škola DAKOL, o.p.s.",84.97533947
Obecně prospěšná společnost,ČISTÁ PŘÍRODA VÝCHODNÍCH ČECH o.p.s.,69.61656201000001
Obecně prospěšná společnost,bfz o.p.s.,65.98164713
Obecně prospěšná společnost,"Attavena, o.p.s.",61.50887243
Obecně prospěšná společnost,"Kvalifikační a personální agentura, o. p. s.",60.31038471
Obecně prospěšná společnost,"Zámek Nový Světlov Bojkovice, o.p.s.",59.669152
Obecně prospěšná společnost,Královéhradecká labská o.p.s.,56.463270630000004
Obecně prospěšná společnost,"Vysoká škola finanční a správní, o.p.s.",52.03345257
Obecně prospěšná společnost,"Renarkon, o. p. s.",51.29251160000001
Obecně prospěšná společnost,"Slavonická renesanční, obecně prospěšná společnost",51.10750381999999
Obecně prospěšná společnost,"Baculus, o.p.s.",50.5024878
Obecně prospěšná společnost,"Vysoká škola evropských a regionálních studií, o.p.s.",45.101340660000005
Nadace,Nadace Tomistoma,44.44541022
Obecně prospěšná společnost,"Národní vzdělávací fond, o.p.s.",44.43210431
Obecně prospěšná společnost,Obecně prospěšná společnost Důstojnost,44.42708193
Obecně prospěšná společnost,"Šumárník, o.p.s.",43.38147285
Obecně prospěšná společnost,"Krajské centrum dalšího profesního vzdělávání a Centrum uznávání a celoživotního učení Zlínského kraje, o.p.s.",41.3727141
Obecně prospěšná společnost,"Centrum pro integraci osob se zdravotním postižením Královehradeckého kraje, o.p.s.",40.665330579999996
Obecně prospěšná společnost,"Základní škola pro žáky se specifickými poruchami učení a mateřská škola logopedická  Schola - Viva, o.p.s.",39.813327990000005
Obecně prospěšná společnost,Revitalizace KUKS o.p.s.,39.42311287
Obecně prospěšná společnost,DŮM ROMSKÉ KULTURY o.p.s.,39.00252466
Obecně prospěšná společnost,CMC Graduate School of Business o.p.s.,38.66750619
Obecně prospěšná společnost,"Magdaléna, o.p.s.",37.24289194999999
Obecně prospěšná společnost,VŠEI o.p.s.,35.65516463
Obecně prospěšná společnost,"SEDUKON,  o.p.s.",35.06162427
Obecně prospěšná společnost,Ekocentrum Oldřichov v Hájích o.p.s.,33.40589941
Obecně prospěšná společnost,"Erudis, o.p.s.",32.60541052000001
Nadace,Nadační fond Campianus,32.337100039999996
Obecně prospěšná společnost,Modrý klíč o.p.s.,32.179335280000004
Obecně prospěšná společnost,"Moravská vysoká škola Olomouc, o.p.s.",31.54921095
Obecně prospěšná společnost,Azylový dům pro ženy a matky s dětmi o.p.s.,31.2931956
Obecně prospěšná společnost,"Naučné středisko ekologické výchovy Kladno - Čabárna, o.p.s.",30.614256150000003
Obecně prospěšná společnost,Centrum podpory podnikání Praha,29.049788259999996
Obecně prospěšná společnost,"Stanice Pavlov, o.p.s.",28.89820457
Obecně prospěšná společnost,"Naděje - M, o.p.s.",28.33244926
Obecně prospěšná společnost,"ZOOPARK STĚŽERY, o.p.s.",28.29775842
Obecně prospěšná společnost,"Chaloupky o.p.s., školská zařízení pro zájmové a další vzdělávání",27.182299399999998
Obecně prospěšná společnost,"Nová škola, o.p.s.",25.73986743
Obecně prospěšná společnost,"Vyšší odborná škola, Obchodní akademie, Střední odborná škola a Jazyková škola s právem státní jazykové zkoušky EKONOM, o.p.s., Litoměřice, Palackého 730/1",25.643394190000002
Obecně prospěšná společnost,"Jablonecké kulturní a informační centrum, o.p.s.",25.412277829999997
Obecně prospěšná společnost,"Sluňákov - centrum ekologických aktivit města Olomouce, o.p.s.",25.19096218
Obecně prospěšná společnost,"Polovina nebe, o.p.s.",24.62591169
Obecně prospěšná společnost,"Akademie HK PK, o.p.s.",24.560518759999997
Obecně prospěšná společnost,REVITA CZ o.p.s.,24.370878589999997
Obecně prospěšná společnost,"HUMANITAS-PROFES, o.p.s.",24.24363966
Obecně prospěšná společnost,"Gender studies, o.p.s.",23.653721979999997
Obecně prospěšná společnost,"Park Rochus, o.p.s.",23.58806516
Nadace,Nadační fond Vincenze Priessnitze,23.47498331
Obecně prospěšná společnost,"PORG - gymnázium a základní škola, o.p.s.",23.47001822
Obecně prospěšná společnost,"Základní škola a Praktická škola SVÍTÁNÍ, o.p.s.",23.038395870000002
Obecně prospěšná společnost,"Vysoká škola zdravotnická, o.p.s.",22.62313043
Obecně prospěšná společnost,"BRAILCOM,o.p.s.",22.439101
Obecně prospěšná společnost,Občanské sdružení MARTIN při OU pro žáky s více vadami,22.29821162
Nadační fond,Nadační fond Muzeum Rabštejn nad Střelou,22.243284510000002
Obecně prospěšná společnost,"Centrum pro rozvoj a podporu regionů, o.p.s.",22.23159489
Obecně prospěšná společnost,"APPN, o.p.s.",21.80287658
Obecně prospěšná společnost,"Střední škola a Mateřská škola, o.p.s.",21.34020645
Obecně prospěšná společnost,Kudlovské ateliéry o.p.s.,21.16370093
Obecně prospěšná společnost,A Kluby České republiky o.p.s.,21.09312642
Obecně prospěšná společnost,Rozlet o.p.s.,21.02926571
Obecně prospěšná společnost,"VZDĚLÁVACÍ CENTRUM TURNOV, o.p.s.",21.01464404
Obecně prospěšná společnost,"IREAS, Institut pro strukturální politiku, o.p.s.",20.993929870000006
Obecně prospěšná společnost,"Lázeňská kolonáda Luhačovice, o.p.s.",20.02542112
Obecně prospěšná společnost,"Tichý svět - chráněná pracoviště, o.p.s.",19.89252454
Obecně prospěšná společnost,OMNI TEMPORE o.p.s.,19.20016386
Obecně prospěšná společnost,"Vzdělávací institut ochrany dětí, o.p.s.",19.1198755
Obecně prospěšná společnost,"Sdružení Podané ruce, o.s.",18.74894647
Obecně prospěšná společnost,Linea verde o.p.s.,18.38014162
Obecně prospěšná společnost,GLE o.p.s.,17.98070624
Obecně prospěšná společnost,"Centrum podpory transformace, o.p.s.",17.611563770000004
Obecně prospěšná společnost,"Společnost pro Jizerské hory, o.p.s.",17.578335869999997
Obecně prospěšná společnost,Základní škola Bernarda Bolzana obecně prospěšná společnost,17.54949259
Obecně prospěšná společnost,"Gymnázium Rájec-Jestřebí, obecně prospěšná společnost",17.38465455
Obecně prospěšná společnost,"VALDEK, o.p.s.",17.112798379999997
Obecně prospěšná společnost,"Praktická škola Chotěšice, o.p.s.",17.0625987
Obecně prospěšná společnost,"Partnerství,o.p.s.",16.920601440000002
Nadace,NADACE ARDEA,16.80438473
Obecně prospěšná společnost,"Helpion, o.p.s.",16.70843191
Obecně prospěšná společnost,"MCU KOLOSEUM, o.p.s.",16.43781054
Obecně prospěšná společnost,České Švýcarsko o.p.s.,16.38134015
Obecně prospěšná společnost,"Vysoká škola sociálně správní, Institut celoživotního vzdělávání Havířov o.p.s.",16.13890241
Obecně prospěšná společnost,"META, o.p.s. - Společnost pro příležitosti mladých migrantů",15.430752799999999
Obecně prospěšná společnost,Jihočeská agentura pro podporu inovačního podnikání o.p.s.,15.22661808
Obecně prospěšná společnost,"Zlatý pruh Polabí,o.p.s.",15.21034797
Obecně prospěšná společnost,Aktivně životem o.p.s.,14.90647555
Obecně prospěšná společnost,"SPOLEČNOST TADY A TEĎ, o.p.s.",14.64164995
Obecně prospěšná společnost,"PROJEKT INTEGRACE, o.p.s.",14.55341905
Obecně prospěšná společnost,"Ústav pro ekopolitiku, o.p.s.",14.501647799999997
Obecně prospěšná společnost,"Metropolitní univerzita Praha, o.p.s.",14.239762769999999
Obecně prospěšná společnost,"""Obnova biotopu rybníků v Čechách a na Moravě, o.p.s.""",14.109106220000001
Obecně prospěšná společnost,"Step by Step Česká republika, občanské sdružení",14.09326208
Obecně prospěšná společnost,"Startujeme, o.p.s.",13.754340599999999
Obecně prospěšná společnost,"Trenkwalder, o.p.s.",13.592489530000002
Obecně prospěšná společnost,"JURTA, o.p.s.",12.951355849999999
Obecně prospěšná společnost,"Mateřská škola - Liberecká jazyková školka, o.p.s.",12.92825425
Obecně prospěšná společnost,"Nová ekonomika, o.p.s.",12.814919
Obecně prospěšná společnost,"IdeaHELP, o.p.s.",12.80828784
Obecně prospěšná společnost,"Regionální rozvojová agentura Plzeňského kraje, obecně prospěšná společnost",12.61005759
Obecně prospěšná společnost,"Vzdělávací a rekreační centrum Lesná, o.p.s.",12.608988879999998
Obecně prospěšná společnost,"P3 - People, Planet, Profit, o.p.s.",12.570762440000001
Obecně prospěšná společnost,"Centrum Paraple, o.p.s.",12.539023649999999
Obecně prospěšná společnost,Vítej ... o.p.s.,12.517865890000001
Obecně prospěšná společnost,MAS Sokolovsko o.p.s.,12.20696078
Obecně prospěšná společnost,LIGA o. p. s.,11.996859940000002
Obecně prospěšná společnost,"Centrum sociálních služeb Ostrava, o.p.s.",11.995797149999998
Obecně prospěšná společnost,"Základní škola Sedmikráska, o.p.s.",11.985075559999999
Obecně prospěšná společnost,"Horská služba ČR, o.p.s.",11.828259440000002
Obecně prospěšná společnost,"Koordinační a informační středisko pro osoby se zdravotním postižením a seniory, o.p.s.",11.629456100000002
Obecně prospěšná společnost,Český západ o.p.s.,11.588071289999998
Obecně prospěšná společnost,"MUZEJNÍ SPOLEK ROLLEDER-ODRY, o.p.s.",11.536044969999999
Obecně prospěšná společnost,"Klub K2, o.p.s.",11.441625460000001
Obecně prospěšná společnost,CEDR Pardubice o.p.s.,11.41511464
Obecně prospěšná společnost,TECHNOLOGICKÉ CENTRUM Hradec Králové o.p.s.,11.36249952
Obecně prospěšná společnost,Jihočeská rozvojová o.p.s.,11.347938460000002
Obecně prospěšná společnost,"Středisko prevence a léčby drogových závislostí - DROP IN, o.p.s.",11.34047225
Obecně prospěšná společnost,CENTRUM celoživotního vzdělávání Jezerka o.p.s.,11.27498492
Obecně prospěšná společnost,Romodrom o.p.s.,11.253424039999999
Obecně prospěšná společnost,THEIA - OBČANSKÉ SDRUŽENÍ,11.17454611
Obecně prospěšná společnost,"Respekt institut, o.p.s.",11.118827099999999
Obecně prospěšná společnost,"VOLONTÉ CZECH, o.p.s.",11.02993119
Obecně prospěšná společnost,"Králický Sněžník, o.p.s.",11.01909607
Obecně prospěšná společnost,Rytmus o.s.,10.97705734
Obecně prospěšná společnost,"Technologický park Chomutov, o.p.s.",10.70359764
Obecně prospěšná společnost,MOŽNOSTI TU JSOU o.p.s.,10.60954287
Nadace,Nadace českého kubismu,10.58628564
Obecně prospěšná společnost,"Střední škola MESIT, o.p.s.",10.45414083
Nadační fond,Nadační fond J&T,10.354355600000002
Obecně prospěšná společnost,Zámecký park Koryčany o.p.s,10.272188609999999
Obecně prospěšná společnost,AHOL - Vyšší odborná škola o.p.s.,10.18095158
Obecně prospěšná společnost,"Pro rodinu - rodinné a vzdělávací centrum, mateřská škola a základní škola, o.p.s.",10.180838690000002
Obecně prospěšná společnost,Občanské sdružení Prostor,10.10937199
Obecně prospěšná společnost,"Contact Line, o.p.s.",10.017089440000001
Obecně prospěšná společnost,"Institut rozvoje evropských regionů, o.p.s.",9.84768932
Obecně prospěšná společnost,Společnost Vlasty Buriana o.p.s.,9.82317983
Obecně prospěšná společnost,"TyfloCentrum Brno, o.p.s",9.75021917
Obecně prospěšná společnost,"Rytmus Benešov, o.p.s.",9.693810599999999
Obecně prospěšná společnost,"Úhlava, o.p.s.",9.65407964
Obecně prospěšná společnost,"Terra nostra - malebný kraj, o. p. s.",9.491276
Obecně prospěšná společnost,"TyfloCentrum Jihlava, o.p.s.",9.451014820000001
Obecně prospěšná společnost,Sociální agentura,9.439238930000002
Nadace,NADACE CESTA,9.409664970000001
Obecně prospěšná společnost,Brdy - Vltava o.p.s.,9.07656801
Obecně prospěšná společnost,"Informační centrum občanského sektoru Český Krumlov, o.s.",9.07206954
Obecně prospěšná společnost,GI projekt o.p.s.,9.05755635
Obecně prospěšná společnost,"ACADEMIA IREAS, o.p.s.",9.04753749
Obecně prospěšná společnost,"Destinační management turistické oblasti Beskydy-Valašsko, o.p.s.",9.017261710000001
Obecně prospěšná společnost,"InHelp, o.p.s.",8.97851024
Obecně prospěšná společnost,Nemocnice Sušice o.p.s.,8.96663643
Obecně prospěšná společnost,"SKOK do života, o.p.s.",8.7181154
Obecně prospěšná společnost,Carlsbader Gate o.p.s.,8.675105559999999
Obecně prospěšná společnost,"Dolmen, o.p.s. Agentura pro chráněné bydlení",8.42934591
Obecně prospěšná společnost,"ENVIRA, o. p. s.",8.30953217
Obecně prospěšná společnost,"Šance na vzdělání, o.p.s.",8.300929069999999
Obecně prospěšná společnost,"Vysoká škola ekonomie a managementu, o.p.s.",8.25498707
Obecně prospěšná společnost,"Astrid, o.p.s.",8.24545737
Obecně prospěšná společnost,Vzdělávací a komunitní centrum Integra Vsetín o.p.s.,8.182348039999999
Obecně prospěšná společnost,"Centrum ALMA, o.p.s.",8.16646136
Obecně prospěšná společnost,"Mensa gymnázium, o.p.s.",8.1338902
Obecně prospěšná společnost,MAS Nad Prahou o.p.s.,8.06937767
Obecně prospěšná společnost,"SPONDEA, o.p.s.",8.03666416
Obecně prospěšná společnost,"Ústav sociálních inovací, o.p.s.",7.96463607
Obecně prospěšná společnost,Elrond o.s.,7.924250560000001
Obecně prospěšná společnost,Oáza klidu o.p.s.,7.92240662
Obecně prospěšná společnost,"Pestrá společnost, o.p.s.",7.828319930000001
Obecně prospěšná společnost,"I. Německé zemské gymnasium, základní škola a mateřská škola, o. p. s.",7.8154864
Obecně prospěšná společnost,"TyfloCentrum Olomouc, o.p.s.",7.81209383
Obecně prospěšná společnost,"Valašsko, o.p.s.",7.767199150000001
Obecně prospěšná společnost,EKO GYMNÁZIUM BRNO o.p.s.,7.73202076
Obecně prospěšná společnost,"Via Lucis Praha,  o.p.s.",7.72574347
Obecně prospěšná společnost,"Denní centrum Barevný svět, o.p.s.",7.72328038
Obecně prospěšná společnost,"Západomoravská vysoká škola Třebíč, o.p.s.",7.715619569999999
Obecně prospěšná společnost,Computer Agency o.p.s.,7.71228717
Obecně prospěšná společnost,"TyfloCentrum Pardubice, o.p.s.",7.668168860000001
Obecně prospěšná společnost,"KONÍČEK, občanské sdružení",7.662396370000001
Obecně prospěšná společnost,Venkovský prostor o.p.s.,7.6167045600000005
Obecně prospěšná společnost,Jako doma - Homelike,7.60070929
Obecně prospěšná společnost,"SPC Pramínek,  o.p.s.",7.59148008
Obecně prospěšná společnost,Asociace TRIGON,7.46669999
Obecně prospěšná společnost,Vysoká škola logistiky o.p.s.,7.44986204
Nadace,Nadace pro rozvoj architektury a stavitelství,7.44831294
Obecně prospěšná společnost,"Metodické a evaluační centrum, o.p.s.",7.4406034199999995
Obecně prospěšná společnost,LEADER ACADEMY o.p.s.,7.35547515
Obecně prospěšná společnost,Občanské sdružení Borůvka,7.30547869
Obecně prospěšná společnost,Občanské sdružení Vzájemné soužití,7.29609979
Obecně prospěšná společnost,"Rytmus-Chrudim, o.p.s.",7.2653881600000005
Obecně prospěšná společnost,"Cukrárna Vesmírna, o.p.s.",7.237449300000001
Obecně prospěšná společnost,"Centrum mentoringu, o.p.s.",7.23013432
Obecně prospěšná společnost,"Informační centrum Praha 5, o.p.s.",7.181546030000001
Obecně prospěšná společnost,"Informační středisko Mikuláš, o.p.s.",7.15772564
Obecně prospěšná společnost,"""Pastorační středisko o.p.s.""",7.05980513
Obecně prospěšná společnost,"Liberix, o.p.s.",6.96355704
Obecně prospěšná společnost,"Smetanova Litomyšl, o.p.s.",6.94454
Obecně prospěšná společnost,"Prosperita, o.p.s.",6.93848982
Obecně prospěšná společnost,TyfloCentrum Hradec Králové o.p.s.,6.75771295
Obecně prospěšná společnost,"Základní škola Pastelka, o.p.s.",6.733548
Obecně prospěšná společnost,"Centrum pro integraci cizinců, o.p.s.",6.56647125
Obecně prospěšná společnost,"Domov Sue Ryder, o.p.s.",6.4955189
Obecně prospěšná společnost,KRUŠNOHORSKÁ ŘEMESLA o.p.s.,6.44702274
Obecně prospěšná společnost,"Filmová akademie Miroslava Ondříčka v Písku, o.p.s.",6.34161256
Obecně prospěšná společnost,TyfloCentrum Praha  o.p.s.,6.25454189
Obecně prospěšná společnost,"Bílý nosorožec, o.p.s.",6.22794771
Obecně prospěšná společnost,Institut pro regionální spolupráci,6.16994083
Obecně prospěšná společnost,"Otevřená společnost, o.p.s.",6.1627123500000005
Obecně prospěšná společnost,"Vzdělávací, sociální a kulturní středisko při Nadaci Jana Pivečky, o.p.s.",6.162124019999999
Obecně prospěšná společnost,"Alternativa 50+, o.p.s.",6.14668887
Obecně prospěšná společnost,"Socln, o.p.s.",6.11760671
Obecně prospěšná společnost,Suchopýr o.p.s.,6.05303768
Obecně prospěšná společnost,Via Roseta o.p.s.,6.0370703
Obecně prospěšná společnost,"MAS Uničovsko, o.p.s.",5.9726146799999995
Obecně prospěšná společnost,Posázaví o.p.s.,5.9649236299999995
Obecně prospěšná společnost,"Partners Czech, o.p.s.",5.838551109999999
Obecně prospěšná společnost,Nymburská o.p.s.,5.83835994
Obecně prospěšná společnost,4PEOPLE ASSOCIATION o.p.s.,5.689334400000001
Obecně prospěšná společnost,"Národní vinařské centrum, o.p.s.",5.64029357
Nadace,Nadace rozvoje občanské společnosti,5.563888769999999
Nadace,Nadace dřevo pro život,5.56249622
Obecně prospěšná společnost,"SOUŽITÍ 2005, o.p.s.",5.549924
Obecně prospěšná společnost,"FIGURKA, o.p.s.",5.53820253
Obecně prospěšná společnost,"Agentura Osmý den, o.p.s.",5.50553129
Obecně prospěšná společnost,"Energetická agentura Zlínského kraje, o.p.s.",5.49060881
Obecně prospěšná společnost,"Burma Center Prague, o.p.s.",5.465968719999999
Obecně prospěšná společnost,"Centrum ekonomického vzdělávání Ostrava, o.p.s.",5.45728612
Obecně prospěšná společnost,"Vesněnka, o.p.s.",5.43648995
Obecně prospěšná společnost,"Educa International, o.p.s.",5.3781776
Obecně prospěšná společnost,Všude dobře o.p.s.,5.37489901
Obecně prospěšná společnost,"Soukromá vyšší odborná škola sociální, o.p.s.",5.343826679999999
Obecně prospěšná společnost,Letohradské soukromé gymnázium o.p.s.,5.312772150000001
Obecně prospěšná společnost,Geopark Český ráj o.p.s.,5.2909090800000005
Obecně prospěšná společnost,"CEVRO Institut, o.p.s.",5.22921096
Obecně prospěšná společnost,Geopark Ralsko o.p.s.,5.218957690000001
Obecně prospěšná společnost,"Jihočeské zemědělské muzeum, o.p.s.",5.11964138
Obecně prospěšná společnost,"Centrum protidrogové prevence a terapie, o.p.s.",5.109599029999999
Obecně prospěšná společnost,"Hubbardova akademie administrativy Brno, o.p.s",5.08042346
Obecně prospěšná společnost,Střední odborné učiliště Sedlčany o.p.s.,5.05275725
Obecně prospěšná společnost,"Institut moderního vzdělávání, o.p.s.",5.0011236
Obecně prospěšná společnost,"ALZHEIMER´S SUPPORT CENTER CZECH REPUBLIC, o.p.s.",4.99842608
Obecně prospěšná společnost,"proFem - Konzultační středisko pro ženské projekty, o.p.s.",4.945679190000001
Obecně prospěšná společnost,"MAS Podlipansko, o.p.s.",4.937016949999999
Nadační fond,Nadační fond Jendy Rajmana,4.92671715
Obecně prospěšná společnost,Institut vzdělávání v zemědělství o.p.s.,4.91655142
Obecně prospěšná společnost,"Střední škola ekonomicko-podnikatelská Studénka, o. p. s.",4.912672980000001
Obecně prospěšná společnost,"JIZERSKÁ, o.p.s.",4.85049097
Obecně prospěšná společnost,Společnost pro komunitní práci Vsetín o.p.s.,4.81714704
Obecně prospěšná společnost,FUTURUM FAMILY o.p.s.,4.817124450000001
Obecně prospěšná společnost,"Trutnovská zeleň, o.p.s.",4.77865092
Obecně prospěšná společnost,"Evropský institut pro smír, mediaci a rozhodčí řízení, o.p.s. (zkráceně: ESI, o.p.s.)",4.74358874
Obecně prospěšná společnost,"RÝMAŘOVSKO,  o.p.s.",4.72790485
Obecně prospěšná společnost,"První Férová, o.p.s.",4.69896048
Obecně prospěšná společnost,"Česká krajina, o.p.s.",4.6689824699999996
Obecně prospěšná společnost,"Akademie veřejné správy, o.p.s.",4.61850761
Obecně prospěšná společnost,"UnikaCentrum, o.p.s.",4.61263232
Obecně prospěšná společnost,"Vysoká škola Karlovy Vary, o.p.s.",4.589554980000001
Nadace,Nadace Živoucí světlo Maháprabhudíp satsang,4.57617866
Obecně prospěšná společnost,"Komuniké, o.p.s.",4.56482744
Obecně prospěšná společnost,"Slezské zemské dráhy, o.p.s.",4.539552
Obecně prospěšná společnost,Meridiem o.p.s.,4.52226311
Obecně prospěšná společnost,"SKP-CENTRUM, o.p.s.",4.51509783
Obecně prospěšná společnost,"Bohemia JazzFest, o.p.s.",4.41236267
Obecně prospěšná společnost,"PECKA - Centrum celoživotního vzdělávání Karlovy Vary, o.p.s.",4.36564995
Obecně prospěšná společnost,"Focus on education, o.p.s.",4.3537633200000005
Obecně prospěšná společnost,"BRANKA, o.p.s.",4.3273978
Nadační fond,Český nadační fond pro vydru,4.28473029
Obecně prospěšná společnost,"Otevřené srdce, o.p.s.",4.272568349999999
Obecně prospěšná společnost,"HUMANITAS AFRIKA, o. p. s.",4.269051849999999
Obecně prospěšná společnost,"Naproti, obecně prospěšná společnost",4.26390846
Obecně prospěšná společnost,"Středisko rozvoje sociálních služeb, o.p.s.",4.21113442
Obecně prospěšná společnost,"Azylový dům pro muže, o.p.s.",4.18706975
Obecně prospěšná společnost,"KoCeRo - komunitní centrum Romů, o.p.s.",4.17181655
Obecně prospěšná společnost,TyfloCentrum Ústí nad Labem o.p.s.,4.16620645
Obecně prospěšná společnost,"ALKA Wildlife, o.p.s.",4.0974628200000005
Obecně prospěšná společnost,SKI Libín 1096 o.p.s.,4.08933633
Obecně prospěšná společnost,Ledax o.p.s.,4.05638721
Obecně prospěšná společnost,Služby Jihlavské Terasy o.p.s.,4.01475542
Obecně prospěšná společnost,"Výzkumné centrum VŠERS, obecně prospěšná společnost",3.96992305
Obecně prospěšná společnost,DŽIVIPEN o.p.s.,3.96755058
Obecně prospěšná společnost,"Vzdělávací středisko VEGA, o.p.s.",3.95488095
Obecně prospěšná společnost,Sociální podnik KOVOLES o.p.s.,3.9109186499999997
Obecně prospěšná společnost,Gymnázium J.Seiferta o.p.s.,3.90463372
Obecně prospěšná společnost,Spolu dětem o.p.s.,3.90331569
Obecně prospěšná společnost,Comenium o.p.s.,3.85519237
Obecně prospěšná společnost,"Základní škola Trivium Plus o.p.s. Dobřany, okres Rychnov nad Kněžnou",3.79920008
Obecně prospěšná společnost,"Vzdělávací institut AGEL, o.p.s.",3.79490018
Obecně prospěšná společnost,TOOCAN HELP o.p.s.,3.78380831
Obecně prospěšná společnost,"DOMINO cz, o. p. s.",3.77485473
Obecně prospěšná společnost,Asistence o.s.,3.7463225899999997
Obecně prospěšná společnost,"KOKOZA, o.p.s.",3.7184080300000004
Obecně prospěšná společnost,"Zámek Brtnice, o.p.s.",3.58636592
Obecně prospěšná společnost,FOKUS Liberec o.p.s.,3.5472072000000003
Obecně prospěšná společnost,ISIS - M o.p.s.,3.5422688300000003
Obecně prospěšná společnost,"Soukromá mateřská škola, základní škola a střední škola Slunce, o.p.s.",3.5336491299999997
Nadace,"Nadace pro rozvoj v oblasti umělé výživy, metabolismu a gerontologie",3.49146802
Obecně prospěšná společnost,"Institut pro památky a kulturu, o.p.s.",3.41503092
Obecně prospěšná společnost,"IT4CARE, o.p.s.",3.3594742799999997
Obecně prospěšná společnost,"Vyšší odborná škola hotelnictví a turismu, o.p.s.",3.30794234
Obecně prospěšná společnost,"Centrum uznávání a celoživotního učení Pardubického kraje, o.p.s.",3.30104536
Obecně prospěšná společnost,Evropské sociálně zdravotní centrum Praha o.p.s.,3.29135982
Obecně prospěšná společnost,Hradubická energetická o.p.s.,3.2827019400000004
Obecně prospěšná společnost,"CLEAR SERVIS, o.p.s.",3.25869803
Obecně prospěšná společnost,"Služby Hnojník, o.p.s.",3.221307
Obecně prospěšná společnost,"Srdce a čin, o.p.s.",3.21663176
Obecně prospěšná společnost,Místní akční skupina Hlubocko - Lišovsko o.p.s.,3.0988095999999996
Obecně prospěšná společnost,"Bioinstitut, o. p. s.",3.0838061
Obecně prospěšná společnost,"MENS SANA, o.p.s.",3.06512552
Obecně prospěšná společnost,"Transparency International - Česká republika, o.p.s.",3.05539359
Obecně prospěšná společnost,"Regio Písek, o.p.s.",3.0492345899999997
Obecně prospěšná společnost,Obnova zámeckých zahrad a zámku Choustník o.p.s.,3.03080024
Obecně prospěšná společnost,"DĚTSKÝ KLÍČ Šumperk, o.p.s.",3.0301032
Obecně prospěšná společnost,Česko-britská o.p.s.,2.97983821
Obecně prospěšná společnost,Komunikujeme o.p.s.,2.97106187
Obecně prospěšná společnost,"Mateřská škola Semínko, o.p.s.",2.96675529
Obecně prospěšná společnost,"POINT 50+, obecně prospěšná společnost",2.95879054
Obecně prospěšná společnost,ERGO Aktiv,2.92256453
Obecně prospěšná společnost,"Základní škola speciální NONA, o.p.s.",2.91920534
Obecně prospěšná společnost,"Nakladatelství PASPARTA, o.p.s.",2.9122733199999997
Obecně prospěšná společnost,Most pro lidská práva,2.87746975
Obecně prospěšná společnost,"Horní hrad, o.p.s.",2.8607689900000004
Obecně prospěšná společnost,Důl Jan Šverma o.p.s.,2.8127257799999996
Obecně prospěšná společnost,"In IUSTITIA, o.p.s.",2.74686893
Obecně prospěšná společnost,"Střední škola sociálních a zdravotnických služeb Vesna, o.p.s.",2.7383275400000002
Obecně prospěšná společnost,Soukromá podřipská střední odborná škola a střední odborné učiliště o.p.s.,2.73572929
Obecně prospěšná společnost,"Handicap centrum Srdce, o.p.s.",2.70857149
Obecně prospěšná společnost,NuArt o.p.s.,2.6977608199999996
Obecně prospěšná společnost,"Lávka, o.p.s.",2.67670983
Obecně prospěšná společnost,Obecně prospěšná společnost Máchovo jezero,2.6049060099999997
Obecně prospěšná společnost,"ForAgria - vzdělávací středisko lesnictví a zemědělství, o.p.s.",2.59993412
Obecně prospěšná společnost,"Brána, o.p.s.",2.58033052
Obecně prospěšná společnost,"Soukromé gymnázium AD FONTES, o.p.s.",2.55361651
Obecně prospěšná společnost,"Anabell, o.p.s.",2.55295082
Obecně prospěšná společnost,"Centrum uznávání celoživotního učení Jihočeského kraje, o.p.s.",2.54382594
Obecně prospěšná společnost,Medela-péče o seniory o.p.s.,2.51126059
Obecně prospěšná společnost,"MAS 21, o.p.s.",2.507622
Nadace,"""Nadace Východočeská onkologie""",2.49321512
Obecně prospěšná společnost,"DOTYK II, o.p.s.",2.46935492
Obecně prospěšná společnost,"ENKI, o.p.s.",2.461549
Obecně prospěšná společnost,"KULTURNÍ CENTRUM ALBERTOVEC, o. p. s.",2.4391629100000003
Obecně prospěšná společnost,"Středomoravská agentura rozvoje venkova, o.p.s.",2.4369759500000003
Obecně prospěšná společnost,Jesenická rozvojová o.p.s.,2.42691377
Obecně prospěšná společnost,"BONA, o.p.s.",2.3836768399999997
Obecně prospěšná společnost,TABITA o.p.s.,2.3752987
Obecně prospěšná společnost,"Střední Haná, o.p.s.",2.327243
Obecně prospěšná společnost,OCCASIO o.p.s.,2.309083
Obecně prospěšná společnost,Ledax Vysoké Mýto o.p.s.,2.29938616
Obecně prospěšná společnost,"NOVIDA, o.p.s.",2.2738719
Nadace,"Nadace Quido Schwanka - Troja, město v zeleni",2.26277959
Obecně prospěšná společnost,Světlo Jihlavské Terasy o.p.s.,2.20792887
Obecně prospěšná společnost,"Společně, o.p.s.",2.1857062099999998
Obecně prospěšná společnost,"Místní akční skupina Třešťsko, o.p.s.",2.14830847
Obecně prospěšná společnost,"Fórum 50 %, o.p.s.",2.1261422000000003
Nadační fond,"sociální nadační fond města Brna ""Domovy potřebných""",2.1163089900000003
Obecně prospěšná společnost,"CENTRUM VYSOČINA, o.p.s.",2.11201013
Obecně prospěšná společnost,"MAS Vizovicko a Slušovicko, o.p.s.",2.102345
Obecně prospěšná společnost,Aktivní život o.p.s.,2.05867995
Obecně prospěšná společnost,ENERGIE o.p.s.,2.0286106100000003
Obecně prospěšná společnost,"Hospic sv. Jana N. Neumanna, o.p.s.",1.98853699
Obecně prospěšná společnost,"ORE-institut, o.p.s.",1.9350888
Obecně prospěšná společnost,"Astras, o.p.s.",1.91214162
Obecně prospěšná společnost,Základní škola waldorfská a mateřská škola České Budějovice o.p.s.,1.882221
Obecně prospěšná společnost,"Mateřská škola, Základní škola a Praktická škola při centru ARPIDA, o.p.s.",1.8534845500000001
Obecně prospěšná společnost,ŽÍT SPOLU o.p.s.,1.8339425
Obecně prospěšná společnost,"LRS Chvaly, o.p.s.",1.83079953
Obecně prospěšná společnost,"Regionální turistické a informační centrum, o.p.s.",1.82327809
Obecně prospěšná společnost,"La Strada Česká republika, o.p.s.",1.82306073
Obecně prospěšná společnost,"PROSTOR PRO, o.p.s.",1.80854223
Obecně prospěšná společnost,"ACCENDO - Centrum pro vědu a výzkum, o.p.s.",1.79634538
Obecně prospěšná společnost,"Společnost pro kreativitu ve vzdělávání, o.p.s.",1.78536455
Obecně prospěšná společnost,"Help - in, o.p.s.",1.7757261299999998
Obecně prospěšná společnost,REMEDIUM Praha o.p.s.,1.7231671000000002
Obecně prospěšná společnost,EUROTOPIA Opava o.p.s.,1.7203973600000002
Obecně prospěšná společnost,"PACE 2015, o.p.s.",1.68398935
Obecně prospěšná společnost,"Střední škola informatiky a právních studií, o.p.s.",1.65867
Nadace,Nadace Charty 77,1.65830067
Obecně prospěšná společnost,"Základní škola Bodláka a Pampelišky, o.p.s., Veliš 40, okr. Jičín",1.623732
Obecně prospěšná společnost,"Vzdělávací centrum pro veřejnou správu ČR, o.p.s.",1.59060641
Obecně prospěšná společnost,HVĚZDÁRNA a RADIOKLUB LÁZEŇSKÉHO MĚSTA KARLOVY VARY o.p.s.,1.5886300500000001
Obecně prospěšná společnost,"Český institut metabolického syndromu, o.p.s.",1.5582193
Obecně prospěšná společnost,REVA o.p.s.,1.514294
Obecně prospěšná společnost,radost 3.0 o.p.s.,1.51423382
Obecně prospěšná společnost,Prostějov venkov o.p.s.,1.4969748
Obecně prospěšná společnost,"Ceptum, o.p.s.",1.4371276000000002
Obecně prospěšná společnost,PORSENNA o.p.s.,1.41656319
Obecně prospěšná společnost,"Sofisofis, o.p.s.",1.38831306
Obecně prospěšná společnost,PONTIS Šumperk o.p.s.,1.38133417
Obecně prospěšná společnost,Centrum sociálních a zdravotních služeb Poděbrady o.p.s.,1.36131677
Obecně prospěšná společnost,"JINAK, o.p.s.",1.32268935
Obecně prospěšná společnost,Vila Vančurova o.p.s.,1.3044568600000002
Obecně prospěšná společnost,Základní škola a střední škola Pomněnka o.p.s.,1.29119923
Obecně prospěšná společnost,"PROGRESSIVE,  o.p.s.",1.26657142
Obecně prospěšná společnost,Dotek o.p.s.,1.2583519399999998
Obecně prospěšná společnost,Sluneční domov o.p.s.,1.2158445900000001
Nadace,NADACE RABTEN,1.21195885
Obecně prospěšná společnost,"Centrum služeb Slunce všem, o.p.s.",1.1703181
Obecně prospěšná společnost,"Obchodní akademie ELDO, o.p.s.",1.126877
Obecně prospěšná společnost,"Destinační management turistické oblasti Poodří - Moravské Kravařsko, o.p.s.",1.11946003
Obecně prospěšná společnost,"Psychocentrum Domeček Hodonín, o.p.s.",1.11919224
Obecně prospěšná společnost,"EDUCAnet - Střední odborná škola a gymnázium Brno, o.p.s.",1.103692
Obecně prospěšná společnost,Lázeňská rozvojová o.p.s.,1.0812098
Obecně prospěšná společnost,"Brno LIVE, o.p.s.",1.07688346
Obecně prospěšná společnost,"Základní škola a Mateřská škola a poskytovatel sociálních služeb, Kaňka o.p.s.",1.0646826699999998
Obecně prospěšná společnost,"Společnost Mana, o.p.s.",1.0583891
Obecně prospěšná společnost,"Základní škola a Mateřská škola Pramínek, o. p. s.",1.050185
Obecně prospěšná společnost,"Střední škola KNIH, o.p.s.",1.032565
Obecně prospěšná společnost,"Česká asociace streetwork, o.p.s.",1.02225695
Obecně prospěšná společnost,"INFOCENTRUM MĚSTA Karlovy Vary, o.p.s.",0.9879281
Obecně prospěšná společnost,"Academia Bohemica, o.p.s.",0.95881775
Obecně prospěšná společnost,"CESPO, o. p. s.",0.94766582
Obecně prospěšná společnost,obecně prospěšná společnost ČAP,0.942312
Obecně prospěšná společnost,MAS Vladař o.p.s.,0.931631
Obecně prospěšná společnost,"Základní škola a praktická škola Arkadie, o.p.s.",0.911364
Obecně prospěšná společnost,"Soukromá střední zdravotnická škola Mělník, o.p.s.",0.90423
Obecně prospěšná společnost,"Střední škola, základní škola a mateřská škola JISTOTA, o.p.s.",0.856762
Obecně prospěšná společnost,Alzheimercentrum Prácheň o.p.s.,0.79752137
Obecně prospěšná společnost,"Montessori mateřská škola Klíček, o.p.s.",0.78340214
Obecně prospěšná společnost,"Ekolandia, o.p.s.",0.77666112
Obecně prospěšná společnost,"Střední škola fotografická, filmová a televizní, o.p.s.",0.769687
Obecně prospěšná společnost,"Ekonomické Lyceum a Obchodní akademie SOVA, o.p.s.",0.760192
Obecně prospěšná společnost,"Bystřička, o.p.s.",0.75
Obecně prospěšná společnost,"SERVISO, o.p.s.",0.75
Obecně prospěšná společnost,MAS Horní Pomoraví o.p.s.,0.75
Obecně prospěšná společnost,"NAD ORLICÍ, o.p.s.",0.75
Obecně prospěšná společnost,Obecně prospěšná společnost pro Český ráj,0.75
Obecně prospěšná společnost,MAS Lužnicko o.p.s.,0.75
Obecně prospěšná společnost,MAS Mikulovsko o.p.s.,0.749962
Obecně prospěšná společnost,Region Pošembeří o.p.s.,0.74981456
Obecně prospěšná společnost,Královská stezka o.p.s.,0.748882
Obecně prospěšná společnost,"Místní akční skupina Království - Jestřebí hory, o.p.s.",0.747928
Obecně prospěšná společnost,MAS Říčansko o.p.s.,0.74564204
Obecně prospěšná společnost,"MAS Zubří země, o.p.s.",0.745457
Obecně prospěšná společnost,Rakovnicko o.p.s.,0.74402
Obecně prospěšná společnost,"Základní škola Mozaika, o.p.s. Rychnov nad Kněžnou",0.739863
Obecně prospěšná společnost,MAS Šternbersko o.p.s.,0.735593
Obecně prospěšná společnost,Hradecký venkov o.p.s.,0.73466
Obecně prospěšná společnost,Agentura Třeboňsko o.p.s.,0.73416256
Obecně prospěšná společnost,"Podhorácko, o.p.s.",0.730904
Obecně prospěšná společnost,Střední odborná škola MORAVA o.p.s.,0.721033
Obecně prospěšná společnost,MAS CÍNOVECKO o.p.s.,0.712706
Obecně prospěšná společnost,"MAS Sedlčansko, o.p.s.",0.71199312
Obecně prospěšná společnost,"Trojzemí, o.p.s.",0.70119358
Obecně prospěšná společnost,Místní akční skupina Česká Kanada o.p.s.,0.6995
Obecně prospěšná společnost,Přemyslovské střední Čechy o.p.s.,0.699245
Obecně prospěšná společnost,Dřevčická o.p.s.,0.6815031
Obecně prospěšná společnost,MAS Jihozápad o.p.s.,0.677056
Obecně prospěšná společnost,"Ekologos, o.p.s.",0.65018275
Obecně prospěšná společnost,"MAS Zlatá cesta, o.p.s.",0.644306
Obecně prospěšná společnost,"ZÁKLADNÍ ŠKOLA A MATEŘSKÁ ŠKOLA NELUMBO Education, o.p.s.",0.639402
Nadační fond,Nadační fond Betlém nenarozeným,0.63397251
Obecně prospěšná společnost,"Svobodná základní škola, o.p.s., Jablonec nad Nisou",0.630234
Obecně prospěšná společnost,MAS Dolnobřežansko o.p.s.,0.628624
Obecně prospěšná společnost,"Soukromá základní škola  a mateřská škola Adélka, o.p.s.",0.628519
Obecně prospěšná společnost,Místní akční skupina Pomalší o.p.s.,0.6244978
Obecně prospěšná společnost,"Místní akční skupina Svazku obcí Blatenska, o.p.s.",0.623552
Obecně prospěšná společnost,OSLAVKA o.p.s.,0.608987
Obecně prospěšná společnost,"Havlíčkův kraj, o.p.s.",0.573689
Obecně prospěšná společnost,Místní akční skupina Třeboňsko o.p.s.,0.564344
Obecně prospěšná společnost,"MAS MOST Vysočiny, o.p.s.",0.54053
Obecně prospěšná společnost,"Místní akční skupina Jemnicko, o.p.s.",0.512046
Obecně prospěšná společnost,"Soukromá střední škola podnikání a managementu, o.p.s.",0.509006
Obecně prospěšná společnost,MAS Moravskotřebovsko a Jevíčsko o.p.s.,0.499913
Obecně prospěšná společnost,"MAS Polabí, o.p.s.",0.494941
Obecně prospěšná společnost,MAS Jižní Haná o.p.s.,0.47735088
Obecně prospěšná společnost,"Luhačovské Zálesí, o.p.s.",0.47538
Obecně prospěšná společnost,MAS Naděje o.p.s.,0.4616
Obecně prospěšná společnost,MAS Litomyšlsko o.p.s.,0.460888
Obecně prospěšná společnost,"MAS Rokytná, o.p.s.",0.43190998999999997
Obecně prospěšná společnost,"Základní škola a Střední škola CREDO, o.p.s.",0.428489
Obecně prospěšná společnost,Rozvoj Krnovska o.p.s.,0.4
Obecně prospěšná společnost,"HOSPIC v MOSTĚ, o.p.s.",0.3906882
Obecně prospěšná společnost,MAS Českomoravské pomezí o.p.s.,0.387139
Obecně prospěšná společnost,"Základní škola speciální Jasněnka, o.p.s.",0.385358
Obecně prospěšná společnost,"Základní škola a mateřská škola Basic, o.p.s.",0.362674
Obecně prospěšná společnost,Střední umělecká škola varhanářská o.p.s.,0.36061
Obecně prospěšná společnost,"Centrum BAZALKA - Základní škola speciální a Mateřská škola speciální, o.p.s.",0.354111
Obecně prospěšná společnost,Místní akční skupina Blanský les - Netolicko o.p.s.,0.326278
Obecně prospěšná společnost,"MAS Krušné hory, o.p.s.",0.277212
Nadační fond,Nadační fond Za Tři Studně krásnější,0.25729413
Obecně prospěšná společnost,Waldorfská základní škola Dobromysl o.p.s.,0.204112
Obecně prospěšná společnost,Bezpečně na silnicích o.p.s.,
Obecně prospěšná společnost,"Centrum rozvoje Česká Skalice, o.p.s.",
Obecně prospěšná společnost,"Dům seniorů ""POHODA"", o.p.s.",
Obecně prospěšná společnost,"Eurobeskyd, o.p.s.",
Obecně prospěšná společnost,FILHARMONIE Hradec Králové o.p.s.,
Obecně prospěšná společnost,JIZERKY PRO VÁS obecně prospěšná společnost,
Obecně prospěšná společnost,"KRKONOŠE/KARKONOSZE 2020, o.p.s.",
Obecně prospěšná společnost,"Klasický areál Harrachov, o.p.s.",
Obecně prospěšná společnost,"Pečovatelská služba OASA Opava, o.p.s.",
Obecně prospěšná společnost,"Středisko ekologické výchovy SEVER Horní Maršov, o.p.s.",
Obecně prospěšná společnost,Usedlost Jasanka o.p.s.,
Obecně prospěšná společnost,Železniční společnost Tanvald o.p.s.,
