Žadatel,IČ žadatele,Rozhodnutí/Smlouva o poskytnutí dotace (EU zdroje)
Ředitelství silnic a dálnic ČR,65993390,96.05774346378001
"Správa železniční dopravní cesty, státní organizace",70994234,79.46651257417003
MINISTERSTVO PRÁCE A SOCIÁLNÍCH VĚCÍ,00551023,20.226536905830002
"Dopravní podnik hl.m. Prahy ,akciová společnost",00005886,11.874580800569998
Moravskoslezský kraj,70890692,10.898058595360002
Masarykova univerzita,00216224,10.800979257470011
Neidentifikován,99999999,8.261135848519986
Ministerstvo vnitra,00007064,7.7516011881199995
"Úřad práce ČR - Krajská pobočka v Brně, kontaktní pracoviště Blansko",72496991,7.735390170539996
"České dráhy, a.s.",70994226,7.636481645269999
Univerzita Palackého v Olomouci,61989592,7.479109224889995
Vysočina,70890749,6.932345361109998
"Fyzikální ústav AV ČR, v.v.i.",68378271,6.828291574800001
"MINISTERSTVO ŠKOLSTVÍ, MLÁDEŽE A TĚLOVÝCHOVY",00022985,6.505904565150001
"Českomoravská záruční a rozvojová banka, a.s.",44848943,6.502
Vysoké učení technické v Brně,00216305,5.859316713219999
Středočeský kraj,70891095,5.720254496020001
Vysoká škola báňská - Technická univerzita Ostrava,61989100,5.71830693669
Ústecký kraj,70892156,4.39418300908
Jihočeský kraj,70890650,4.366607508210001
Pardubický kraj,70892822,4.3655915143999975
"Správa a údržba silnic Jihomoravského kraje, příspěvková organizace kraje",70932581,4.105832432469998
Královéhradecký kraj,70889546,3.8827122519199997
Olomoucký kraj,60609460,3.72328233492
Statutární město Brno,44992785,3.5754590686100003
Západočeská univerzita v Plzni,49777513,3.52346563749
"Statutární město Ostrava, městský obvod Poruba",00845451,3.2038926295299994
MINISTERSTVO PRO MÍSTNÍ ROZVOJ,66002222,3.1682168670699986
"Správa a údržba silnic Plzeňského kraje, příspěvková organizace",72053119,3.1282687155900004
Ředitelství vodních cest ČR,67981801,2.94528371479
"Ředitelství silnic Zlínského kraje,příspěvková organizace",70934860,2.7995432756900005
Jihomoravský kraj,70888337,2.6349703041899994
"Ústav molekulární genetiky AV ČR, v. v. i.",68378050,2.5540749038099997
Liberecký kraj,70891508,2.5380785417800014
Fakultní nemocnice u sv. Anny v Brně,00159816,2.5130967517
Univerzita Karlova v Praze,00216208,2.4923672552500005
"TŘINECKÉ ŽELEZÁRNY, a. s.",18050646,2.30012830898
HLAVNÍ MĚSTO PRAHA,00064581,2.2492946666900004
Zlínský kraj,70891320,2.0603701669000003
statutární město Plzeň,00075370,2.00926081117
Dopravní podnik Ostrava a.s.,61974757,1.99638512266
České vysoké učení technické v Praze,68407700,1.9958267768000004
Centrum výzkumu Řež s.r.o.,26722445,1.93991111188
"DIAMO, státní podnik",00002739,1.93243016697
Univerzita Tomáše Bati ve Zlíně,70883521,1.9190141817999997
"Krajská správa a údržba silnic Karlovarského kraje, příspěvková organizace",70947023,1.91522811953
STATUTÁRNÍ MĚSTO CHOMUTOV,00261891,1.8664201650399999
Státní fond životního prostředí České republiky,00020729,1.833177240989999
Technická univerzita v Liberci,46747885,1.76133758663
MINISTERSTVO PRŮMYSLU A OBCHODU,47609109,1.7254725552200005
Karlovarský kraj,70891168,1.7143490035400002
ArcelorMittal Ostrava a.s.,45193258,1.67658697818
Mendelova univerzita v Brně,62156489,1.6609574170899997
"Palivový kombinát Ústí, státní podnik",00007536,1.64144803379
"Dopravní podnik města Brna,a.s.",25508881,1.5000225768000002
Národní památkový ústav,75032333,1.48146609751
Univerzita Pardubice,00216275,1.4635218623500004
Fond dalšího vzdělávání,00405698,1.4129909769799998
Jihočeská univerzita v Českých Budějovicích,60076658,1.4043000647299995
Statutární město Kladno,00234516,1.3867658505900007
ČESKÁ CENTRÁLA CESTOVNÍHO RUCHU,49277600,1.38000077266
Plzeňský kraj,70890366,1.37137914253
Statutární město Havířov,00297488,1.34170471315
Dolní oblast VÍTKOVICE,75125285,1.27393094385
"Krajská zdravotní, a.s.",25488627,1.24018261291
Statutární město Jihlava,00286010,1.2292729538600002
Vodovody a kanalizace Znojemsko,45671745,1.2003990878500002
"Vodohospodářská zařízení Šumperk, a.s.",47674954,1.18633543581
STATUTÁRNÍ MĚSTO LIBEREC,00262978,1.1503521606000002
Povodí Berounky,75042860,1.15009104647
Agentura pro podporu podnikání a investic CzechInvest,71377999,1.04612028461
"Správa silnic Olomouckého kraje, příspěvková organizace",70960399,1.0416527997399998
Statutární město Olomouc,00299308,1.03888577755
Statutární město Ústí nad Labem,00081531,1.0364732164500001
Město Tábor,00253014,1.0144991310699998
Vysoká škola chemicko-technologická v Praze,60461373,1.0124439810799999
Ministerstvo financí,00006947,0.9607163503900001
"Veolia Energie ČR, a.s.",45193410,0.95684889752
Státní úřad inspekce práce,75046962,0.91769500291
Statutární město České Budějovice,00244732,0.9081802628400002
Statutární město Opava,00300535,0.9077594312700002
Česká agentura na podporu obchodu,00001171,0.90528444402
Ministerstvo dopravy,66003008,0.89871741631
"Nemocnice České Budějovice, a.s.",26068877,0.8973959608000001
PSYCHIATRICKÉ CENTRUM PRAHA,00023752,0.8637711869500001
Ostravská univerzita v Ostravě,61988987,0.8622513367900001
Fakultní nemocnice Ostrava,00843989,0.8608835348299999
Sdružení obcí Mikroregionu Vsetínsko,70238880,0.86068471992
Ministerstvo životního prostředí,00164801,0.8594013853799998
Svazek vodovodů a kanalizací Ivančice,49458892,0.81048785457
VODOVODY A KANALIZACE,60418885,0.79803402107
ČESKÝ STATISTICKÝ ÚŘAD,00025593,0.7938534111800001
statutární město Zlín,00283924,0.7759774090499999
"VÚTS, a.s.",46709002,0.77094259448
"Centrum výzkumu globální změny AV ČR, v. v. i.",67179843,0.7702180871000001
Fakultní nemocnice Plzeň,00669806,0.7685539188299999
Vodohospodářské sdružení Turnov,49295934,0.76779951002
Český úřad zeměměřický a katastrální,00025712,0.76740280027
Statutární město Hradec Králové,00268810,0.7561835594999999
STATUTÁRNÍ MĚSTO DĚČÍN,00261238,0.74661281328
Fakultní nemocnice Hradec Králové,00179906,0.74383164426
Regionální rada regionu soudržnosti Moravskoslezsko,75082616,0.7357837004899999
Statutární město Karlovy Vary,00254657,0.7354856088599999
Fakultní nemocnice Brno,65269705,0.7164091995599999
Svaz VKMO s.r.o.,25572245,0.70369411347
Město Strakonice,00251810,0.6976590909499999
STATUTÁRNÍ MĚSTO KARVINÁ,00297534,0.6903496069099998
"Vodovody a kanalizace Břeclav, a.s.",49455168,0.68443395641
Statutární město Pardubice,00274046,0.67589448274
Univerzita Jana Evangelisty PURKYNĚ,44555601,0.67495067216
Svaz měst a obcí České republiky,63113074,0.65722331013
Město Litovel,00299138,0.6571462322999999
Regionální rada regionu soudržnosti Jihovýchod,75082241,0.65594544593
MINISTERSTVO ZDRAVOTNICTVÍ,00024341,0.6504574688199999
Regionální rada regionu soudržnosti Severozápad,75082136,0.6369496242799999
Fakultní nemocnice Olomouc,00098892,0.6354513135800001
Statutární město Frýdek-Místek,00296643,0.6327658630000002
"Oblastní nemocnice Kladno, a.s., nemocnice Středočeského kraje",27256537,0.62462893473
Město Sokolov,00259586,0.6222136568999997
Státní fond rozvoje bydlení,70856788,0.609869489
MASARYKŮV ONKOLOGICKÝ ÚSTAV,00209805,0.60724545752
"Krajská nemocnice Liberec, a.s.",27283933,0.6011123084500001
"Unipetrol výzkumně vzdělávací centrum, a.s.",62243136,0.58726071181
"Elektrárny Opatovice, a.s.",28800621,0.58280647058
VÝZKUMNÝ A ŠLECHTITELSKÝ ÚSTAV OVOCNÁŘSKÝ HOLOVOUSY s.r.o.,25271121,0.58136706496
Techmania Science Center o.p.s.,26396645,0.57190001401
Regionální rada regionu soudržnosti Jihozápad,75086999,0.5625718090199998
Město Příbram,00243132,0.5605717733000001
"TEPVOS, spol. s r.o.",25945793,0.55658742842
Město Litoměřice,00263958,0.5551910656800001
Univerzita Hradec Králové,62690094,0.54783569369
"Lovochemie, a.s.",49100262,0.53901161096
Město Trutnov,00278360,0.53816272425
CESNET - ZÁJMOVÉ SDRUŽENÍ PRÁVNICKÝCH OSOB,63839172,0.53479797182
Regionální rada regionu soudržnosti Střední Čechy,75082314,0.5339106148799999
Město Litomyšl,00276944,0.5337471107
"Dopravní podnik měst Liberce a Jablonce nad Nisou, a.s.",47311975,0.53339335995
Česká geologická služba,00025798,0.53128915587
město Cheb,00253979,0.5267667342
"Centrum dopravního výzkumu, v.v.i.",44994575,0.52588735956
"Letiště Ostrava, a.s.",26827719,0.52084999263
Evropská investiční banka,00000000,0.50692
Statutární město  Mladá Boleslav,00238295,0.50358809226
Kanonie premonstrátů Teplá,00479365,0.49698366384
Český hydrometeorologický ústav,00020699,0.4922550081
"Krajská nemocnice T. Bati, a. s.",27661989,0.48956772056
Regionální rada regionu soudržnosti Severovýchod,75082721,0.4870906408900001
"Vodohospodářská společnost Vrchlice - Maleč, a.s.",46356967,0.48656724058
"Ústav přístrojové techniky AV ČR, v. v. i.",68081731,0.48423264439999997
MĚSTO KADAŇ,00261912,0.48401998986
Regionální rada regionu soudržnosti Střední Morava,75084911,0.47824832067
"Lesy České republiky, s.p.",42196451,0.47575614866999993
COMTES FHT a.s.,26316919,0.46734830758999996
Veterinární a farmaceutická univerzita Brno,62157124,0.4666285464400001
Centrum pro regionální rozvoj ČR,65993870,0.46416289755
Město Třebíč,00290629,0.46147973075999993
"Multifunkční centrum zámek Lednice, zájmové sdružení právnických osob",75122979,0.455869986
"Synthesia, a.s.",60108916,0.45487832035000003
"Dopravní podnik města Olomouce, a.s.",47676639,0.45000207854
Agentura ochrany přírody a krajiny České republiky,62933591,0.44927160969999996
"Terezín - město změny, zájmové sdružení právnických osob",72045230,0.44399030030000003
PrimeCell Therapeutics a.s.,27660320,0.442950942
Dopravní podnik města Ústí nad Labem a.s.,25013891,0.43941806635
Město Žatec,00265781,0.43438037005
Svaz vodovodů a kanalizací Žďársko,43383513,0.43355098298
"CGMC, družstvo",28094468,0.433478796
",,Svazek vodovodů a kanalizací"" měst a obcí",49468952,0.42933934523
Město Jindřichův Hradec,00246875,0.42819821865
"Výzkumný ústav veterinárního lékařství, v. v. i.",00027162,0.42423640483999997
"Vodovody a kanalizace Pardubice, a.s.",60108631,0.42115124882000005
Bammer trade a.s.,28522761,0.418855
Město Vlašim,00232947,0.41852379603999995
Střední průmyslová škola Ostrov,70845425,0.41431435745
"CHEVAK Cheb, a.s.",49787977,0.41064434997000004
"Nemocnice Strakonice, a.s.",26095181,0.40994717886000004
Město Český Těšín,00297437,0.40780302786000006
Římskokatolická farnost Velehrad,46956484,0.40767244998
"IQLANDIA, o.p.s.",25444565,0.40679435775
Statutární město Přerov,00301825,0.40671252579000006
Správa Krkonošského národního parku Vrchlabí,00088455,0.4018743964999999
Fakultní nemocnice v Motole,00064203,0.40132073056000006
"Oblastní nemocnice Příbram, a.s.",27085031,0.39855827183
"RenoEnergie, a.s.",27128164,0.39714598782
VÍTKOVICE HEAVY MACHINERY a.s.,25877950,0.39544877846
Město Chrudim,00270211,0.3953282425800001
Město Kopřivnice,00298077,0.3913402585
Severočeské doly a.s.,49901982,0.38783249242999995
ČESKÁ SPRÁVA SOCIÁLNÍHO ZABEZPEČENÍ,00006963,0.38780956414999995
Město Orlová,00297577,0.38755489036999985
Slezská univerzita v Opavě,47813059,0.38693459480000003
MemBrain s.r.o.,28676092,0.38612138683999997
Město Uherské Hradiště,00291471,0.38484744758
"Správa a údržba silnic Ústeckého kraje, příspěvková organizace",00080837,0.38471191711
"Mikrobiologický ústav AV ČR, v. v. i.",61388971,0.3764266296599999
"Nemocnice Jihlava, příspěvková organizace",00090638,0.37607021663
Integrovaná střední škola technická a ekonomická Sokolov,49766929,0.37174579637
Svazek obcí údolí Desné,65497074,0.36596232557999997
Město Šumperk,00303461,0.36413407440000006
"ENERGETIKA TŘINEC, a.s.",47675896,0.36308629908999995
"Dopravní společnost Zlín-Otrokovice, s.r.o.",60730153,0.358893434
Obec Ludgeřovice,00300390,0.35751694583000004
EXELSIOR GROUP s.r.o.,25846574,0.356608157
"Vodovody a kanalizace Mladá Boleslav, a.s.",46356983,0.35553287836
MĚSTO PEC POD SNĚŽKOU,00278181,0.35521283892
Ministerstvo zemědělství,00020478,0.35411583319
Městská část Praha 13,00241687,0.35392230495
Město Uherský Brod,00291463,0.3532079543200001
JUTA a.s.,45534187,0.35152381552999995
Město Úvaly,00240931,0.34992751112
Koordinační středisko pro resortní zdravotnické informační systémy,71376500,0.34974577126
Město Otrokovice,00284301,0.34801484099
MINISTERSTVO SPRAVEDLNOSTI,00025429,0.34672724637
Město Bystřice nad Pernštejnem,00294136,0.34593702822000005
Městská část Praha 8,00063797,0.34491182322999997
"ŽS REAL, a.s.",25334271,0.3440649909
MĚSTO KROMĚŘÍŽ,00287351,0.34393181346
FERRIT s.r.o.,48400751,0.340808748
NÁRODNÍ TECHNICKÉ MUSEUM,00023299,0.33832238751
Město  Poděbrady,00239640,0.33680293734
STATUTÁRNÍ MĚSTO MOST,00266094,0.33655427431000007
Obec Dolní Břežany,00241202,0.33614962787
Město Sedlčany,00243272,0.33521957755000004
Město Jirkov,00261904,0.33513747765999996
"Dopravní podnik města Hradce Králové, a.s.",25267213,0.332267119
Město HODONÍN,00284891,0.33207387803
Karlovarská krajská nemocnice a.s.,26365804,0.32800013876
"Povodí Moravy, s.p.",70890013,0.32775373319
Město Moravská Třebová,00277037,0.32755614506999997
Město Kolín,00235440,0.3272068828800001
Obec Kamenice,00240273,0.32700726055999996
"Oblastní nemocnice Kolín, a.s., nemocnice Středočeského kraje",27256391,0.32624110822999997
MĚSTO SVITAVY,00277444,0.3261102927700001
"Vodovody a kanalizace Přerov, a.s.",47674521,0.32541360375
Město Písek,00249998,0.32503298757
"Plzeňské městské dopravní podniky, a.s.",25220683,0.3229942405
Continental Automotive Czech Republic s.r.o.,62024922,0.321099257
Město Benešov,00231401,0.32005572983
Správa Národního parku Šumava,00583171,0.31972922367000006
Město Bruntál,00295892,0.3194163976
Česká zemědělská univerzita v Praze,60460709,0.31818685708000005
C-Energy Bohemia s.r.o.,25106481,0.31737114751000006
Město Jeseník,00302724,0.31719092620000006
Statutární město Prostějov,00288659,0.31289797351999993
"CENIA, česká informační agentura životního prostředí",45249130,0.31074447253
Město Pelhřimov,00248801,0.30294087571000006
Město Mělník,00237051,0.30020585614000006
"Nupharo Park, a.s.",29031621,0.299990765
Národní knihovna České republiky,00023221,0.29856774717
Město Kutná Hora,00236195,0.29815316899
VYRTYCH a.s.,27862470,0.296864876
"Siemens, s.r.o.",00268577,0.29685560717000004
MĚSTO JABLONEC NAD NISOU,00262340,0.2955560748700001
"Dopravní podnik města Jihlavy, a.s.",25512897,0.29509327239
"Plzeňská teplárenská, a.s.",49790480,0.2932519528
"Městský dopravní podnik Opava, a.s.",64610250,0.29285201082
SKIAREÁL KLÍNOVEC s.r.o.,43227317,0.29123595464999996
Město Aš,00253901,0.28999293338
Město Znojmo,00293881,0.28841507534
ČESKÁ ŠKOLNÍ INSPEKCE,00638994,0.28806387273
Federace židovských obcí v České republice,00438341,0.28480919336
Město Český Krumlov,00245836,0.2838523174700001
"VHS SITKA, s.r.o.",47150891,0.28363127642
Vojenská střední škola a Vyšší odborná škola Ministerstva obrany v Moravské Třebové,60162694,0.28269767759000003
Město Nejdek,00254801,0.2826455327
"VEBA, textilní závody a.s.",45534276,0.28239959928
Město Ostrov,00254843,0.28099402988
Krajské ředitelství policie Ústeckého kraje,75151537,0.28021562244000003
"IBM Global Services Delivery Center Czech Republic, s.r.o.",26244535,0.279999289
Město Telč,00286745,0.27712740817000003
Správa a údržba silnic Jihočeského kraje,70971641,0.27640937854000003
Město Zruč nad Sázavou,00236667,0.2760213200700001
Dobrovolný svazek obcí Jaroměřsko,75082233,0.27386633766
Město Klatovy,00255661,0.27221637094000006
Technologické centrum Písek s.r.o.,27942368,0.271585887
Město Česká Třebová,00278653,0.27022549856
Město Valašské Meziříčí,00304387,0.2674041141
VIENNA POINT a.s.,26229269,0.266927145
Dolnolabské elektrárny a.s.,26176165,0.26569881937
"Vodovody a kanalizace Vyškov,a.s.",49454587,0.26427132312
Město Raspenava,00263141,0.26424451208
Město Horní Bříza,00257770,0.26339948414000003
"VÍTKOVICE ARÉNA, a.s.",25911368,0.26027790018
Město Luhačovice,00284165,0.25582848794999996
Město Litvínov,00266027,0.25489949231
"Energeia, o.p.s.",25999851,0.25427122
Úřad pro zastupování státu ve věcech majetkových,69797111,0.254119025
Centrum pro regionální rozvoj České republiky,04095316,0.25393646624
Město Hlinsko,00270059,0.25327645747000005
Město Jičín,00271632,0.24521887769
"Člověk v tísni, o.p.s.",25755277,0.24438262243999997
"Ústav teoretické a aplikované mechaniky AV ČR, v.v.i.",68378297,0.24178880818
Město Hranice,00301311,0.23959477151
Město Vsetín,00304450,0.23917654651000003
GENERÁLNÍ ŘEDITELSTVÍ CEL,71214011,0.23896116876999998
ROKOSPOL a.s.,25521446,0.23815717568
"SNĚŽNÍK , a.s.",26979136,0.23750044218000002
Město Beroun,00233129,0.23623845114999997
TAMEH Czech s.r.o.,28615425,0.23609242519999998
"Vodovody a kanalizace Kroměříž, a.s.",49451871,0.23602640414999998
Město Uničov,00299634,0.235982435
ČOV a kanalizace Hradec nad Moravicí - Branka u Opavy,75114194,0.23597392775999998
Město Rožmitál pod Třemšínem,00243221,0.23525213549
"Nemocnice Pardubického kraje, a.s.",27520536,0.23361437701
EAST BOHEMIAN AIRPORT a.s.,48154938,0.23333513850999998
Město Nový Jičín,00298212,0.23325489177000003
Všeobecná fakultní nemocnice v Praze,00064165,0.23233079809999999
UVR Mníšek pod Brdy a.s.,45147477,0.23178191169
Město Šenov,00297291,0.23158188160999996
Biology Park Brno a.s.,41602706,0.231383549
Ligary,72022418,0.23105781522
Město Třeboň,00247618,0.23098327213000003
STROJÍRENSKÝ VĚDECKOTECHNICKÝ PARK s.r.o.,24126381,0.22969605
Město Krnov,00296139,0.22937924237000004
ELMO-PLAST a.s.,28126548,0.229370819
Městys Cerhenice,00235300,0.22925283257
Městská část Praha 10,00063941,0.22924601181999998
"Povodí Vltavy, státní podnik",70889953,0.22905088720000003
MĚSTO BOSKOVICE,00279978,0.22857964916999998
"VARIEL, a. s.",45148287,0.228452569
Město Šternberk,00299529,0.2283545494
Krajské ředitelství policie Plzeňského kraje,75151529,0.22828840581
Vysoká škola ekonomická v Praze,61384399,0.22642474664
"Povodí Ohře, státní podnik",70889988,0.22606516905999996
Svazek obcí regionu Novojičínska,71240357,0.22581013986
"Ústav makromolekulární chemie AV ČR, v. v. i.",61389013,0.22570670668
TAMERO INVEST s.r.o.,24781452,0.224847
Krajské ředitelství policie Jihomoravského kraje,75151499,0.22347861028
"RG Group, a.s.",28224485,0.223250785
Správa Národního parku České Švýcarsko,70565759,0.22319298562
Město Vysoké Mýto,00279773,0.22191024066
Město Třinec,00297313,0.22169196516000003
"Vodárenská společnost Česká Třebová, s.r.o.",60108118,0.2213258906
"Slévárny Třinec, a.s.",25830716,0.22119330459
"ČD Cargo, a.s.",28196678,0.22107126163
Město Žďár nad Sázavou,00295841,0.22061198940999996
HR Agency s.r.o.,26374196,0.21813027485
Město Kuřim,00281964,0.21798489144
Město VESELÍ NAD MORAVOU,00285455,0.21752797961
Svazek kanalizace Třebařov,72564245,0.21691815523
Nemocnice Nový Jičín a.s.,25886207,0.215475585
Obec Týnec nad Labem,00235831,0.21534481154
Czech Hydro s.r.o.,26445085,0.214674
SVAZ PRŮMYSLU A DOPRAVY ČR,00536211,0.2139256365
MĚSTO BRANDÝS N.L.-ST.BOLESLAV,00240079,0.21372075738
Město Říčany,00240702,0.21324425346
Thermal Pasohlávky a.s.,27714608,0.21216190872
Jihočeský vodárenský svaz,49021117,0.21025439849000002
Město Starý Plzenec,00257257,0.20994827602999996
"Elektrárna Počerady, a.s.",24288110,0.2092
Město Havlíčkův Brod,00267449,0.20911424733
Lučební závody Draslovka a.s. Kolín,46357351,0.20882526406000002
Město Kunovice,00567892,0.20860056857999998
"Teplárna České Budějovice, a.s.",60826835,0.20715110093
Město Rychnov nad Kněžnou,00275336,0.20692040257
Město Domažlice,00253316,0.20678126356
"CARMAN, a.s.",26138891,0.206463879
"Energotrans, a.s.",47115726,0.20629762
SPUR a.s.,46900098,0.20612030161999997
Město Slaný,00234877,0.20532731634
"Povodí Odry, státní podnik",70890021,0.20499954571
Město Rýmařov,00296317,0.20452366880000003
Svazek obcí Čistá Odra,75063310,0.20429636923999997
"Vodovody a kanalizace Náchod, a.s.",48172928,0.20295538994000004
Obec Baška,00296511,0.20105706972
Obec Petrovice u Karviné,00297585,0.20040675722
AT & T Global Network Services Czech Republic s.r.o.,25785435,0.199999603
Národní Centrum Tkání a Buněk a.s.,28338766,0.199985739
Město Benátky nad Jizerou,00237442,0.19893066577
Obec Dolní Újezd,00276596,0.19882619597999995
Město Kralupy nad Vltavou,00236977,0.19824051452
"VTP Brno, a.s.",63483122,0.197228603
"Výzkumný Ústav Železniční, a.s.",27257258,0.196709786
Fakultní nemocnice Královské Vinohrady,00064173,0.19664011619000002
Benediktinské opatství sv. Václava v Broumově,48648884,0.195607654
Svazek obcí aglomerace Dolní Lhota,75104181,0.19557660016999998
Město Břeclav,00283061,0.19358136164999998
SPOLCHEMIE Electrolysis a.s.,29200181,0.19324067588
Město Sušice,00256129,0.19320768473999997
Městská část Praha 11,00231126,0.19154715152
"CZECH IT CLUSTER, družstvo",29218233,0.190614867
Národní institut pro další vzdělávání (zařízení pro další vzdělávání pedagogických pracovníků),45768455,0.19012997127999998
Město Roudnice nad Labem,00264334,0.19010982304
"Meopta - optika, s.r.o.",47677023,0.189516129
"Domov ,,Na Terasách"" Rataje, poskytovatel sociálních služeb",48677744,0.1885675276
"Strojmetal Aluminium Forging, s.r.o.",25037684,0.188017413
Hasičský záchranný sbor Středočeského kraje,70885371,0.18760592496999998
MĚSTO NÁCHOD,00272868,0.18660389462999996
"Povodí Labe, státní podnik",70890005,0.18623595366
MĚSTO TÝN NAD VLTAVOU,00245585,0.18437349904
"WITTE Nejdek, spol. s r.o.",40525881,0.184105454
"ŠKODA AUTO a.s., Střední odborné učiliště strojírenské, odštěpný závod",00177041,0.183494949
"UNIS, a.s.",00532304,0.183001229
MĚSTO HRÁDEK NAD NISOU,00262854,0.18275634865
Střední průmyslová škola Uherský Brod,14450437,0.18264474613
Úřad pro ochranu osobních údajů,70837627,0.18252598444999998
Výzkumný ústav vodohospodářský T. G. Masaryka veřejná výzkumná instituce,00020711,0.18197800686
Město Lysá nad Labem,00239402,0.18156074501000002
Město Pacov,00248789,0.18141133451000002
"Vodovodní přivaděč Javorník - Benešov, dobrovolný svazek obcí",02468085,0.18124854665
"Ústav živočišné fyziologie a genetiky AV ČR, v.v.i.",67985904,0.18115852567000001
Město Tachov,00260231,0.18089636145000001
"Teplárna Strakonice, a.s.",60826843,0.18085867609
"Slovácké strojírny, akciová společnost",00008702,0.180277714
Město Horní Jiřetín,00265942,0.17913126278
MORAVIA CANS a.s.,46900616,0.17909487709
Krajské ředitelství policie Moravskoslezského kraje,75151502,0.17848530047
"První železářská společnost Kladno, s.r.o.",49550942,0.178340535
Město Český Brod,00235334,0.17785324716000003
Město Nové Město nad Metují,00272876,0.17772892604
AERO Vodochody AEROSPACE a.s.,24194204,0.17767373798000002
Multiscan s.r.o.,26476444,0.17750645265
"Oblastní nemocnice Mladá Boleslav, a.s., nemocnice Středočeského kraje",27256456,0.17682788270999997
LITAVA,75103061,0.1765522558
"Národní hřebčín Kladruby nad Labem, státní příspěvková organizace",72048972,0.176451187
Město Kostelec nad Labem,00236951,0.17603228323000003
"Ústav fyziky plazmatu AV ČR, v. v. i.",61389021,0.17561590709
Město Polička,00277177,0.17512731876999998
Dobrovolný svazek obcí Vidče a Střítež nad Bečvou,75086239,0.17438664419
"Městská nemocnice Ostrava, příspěvková organizace",00635162,0.17322071856000001
Město Skalná,00254231,0.17311505539999997
Krajské ředitelství policie Středočeského kraje,75151481,0.17295411148999998
Město Králův Dvůr,00509701,0.1727277856
"KASI, spol. s r. o.",47470011,0.172445558
"www.scio.cz, s.r.o.",27156125,0.17213890997
Stora Enso Wood Products Ždírec s.r.o.,25264605,0.171777076
Město Chodov,00259349,0.17163544130999997
ZO ČSOP Vlašim,18595677,0.17106257375000003
"Klastr výrobců obalů, družstvo",27483274,0.17099564774
MĚSTO KONICE,00288365,0.17035254686999998
Sdružení měst a obcí povodí Ondřejnice,60045701,0.16897454603
MĚSTO PRACHATICE,00250627,0.16848934301
Zdravotní ústav se sídlem v Ostravě,71009396,0.16808887103
Město Šlapanice,00282651,0.16746799081999997
"DEZA, a.s.",00011835,0.16705290938999998
Město Odry,00298221,0.16678425469000002
"Vodovody a kanalizace Jablonné nad Orlicí, a.s.",48173398,0.16626136666
TROJHALÍ KAROLINA,72089237,0.16621644032
CAVD s.r.o.,27187446,0.166206819
MĚSTO ČESKÁ SKALICE,00272591,0.16601429058
Kovárna VIVA  a.s.,46978496,0.16585772031
Město Jaroměř,00272728,0.16467024196
Obec Loučná nad Desnou,00302953,0.16444905654000003
FERMAT CZ s.r.o.,26180367,0.163516153
Město Pečky,00239607,0.16327637103999998
Město Studénka,00298441,0.16295610630000001
"Muzeum a společenské centrum Dobrovice, o.p.s.",28222296,0.16295215238
Město Blansko,00279943,0.16270022206000004
Město Kdyně,00253464,0.16258353303
"Obaly Morava, a.s.",25252968,0.162362179
Farmet a.s.,46504931,0.16197155831
Contipro Biotech s.r.o.,25281844,0.161909234
Obec Bartošovice,00297721,0.16182841724000002
Obec Byšice,00236756,0.1617704455
"ON SEMICONDUCTOR CZECH REPUBLIC, s.r.o.",26821532,0.16138315014
ARMATURY Group a.s.,25572881,0.16099575462000001
Město Rožnov pod Radhoštěm,00304271,0.16075076412
"První brněnská strojírna Velká Bíteš, a. s.",00176109,0.16002838899000002
Lázně Bělohrad a.s.,46504834,0.1593785102
Město Nový Bydžov,00269247,0.15925105585
Hasičský záchranný sbor Moravskoslezského kraje,70884561,0.15902504658999997
"Dalkia Industry CZ, a.s.",27826554,0.15869207765
Obec Starý Kolín,00235741,0.15860542213
Město Semily,00276111,0.15842082914000002
OBEC OSÍK,00277100,0.15818273392999999
"Nemocnice Tábor, a.s.",26095203,0.15808929232
"Sdružení obcí mikroregionu Balkán se sídlem ve Slabcích, o. Rakovník",70129959,0.15787433580000002
Město Bučovice,00291676,0.15673089278
Město Zlaté Hory,00296481,0.15670310103
BIOMASS ENERGY k. s.,25567489,0.15646287205
"Alca plast, s.r.o.",25655809,0.15629422286000003
ČSAD Havířov a.s.,45192081,0.1554471015
"Elektrárna Dětmarovice, a.s.",29452279,0.1554
Město Kostelec na Hané,00288373,0.15528739648999998
PV Roztoky s.r.o.,24145505,0.155026077
NANOTEX GROUP s.r.o.,25662660,0.154966764
Město Kraslice,00259438,0.15408870704000002
Red Hat Czech s.r.o.,27690016,0.153599991
MĚSTO TURNOV,00276227,0.15208435859
Město Ústí nad Orlicí,00279676,0.15195285421
"Městská společnost sportovní a rekreační areály, s.r.o.",28168151,0.15159474744
Město Neratovice,00237108,0.15158650099999996
Českomoravská konfederace odborových svazů,00675458,0.15123171529
Město Votice,00232963,0.15088912821
Město Slavkov u Brna,00292311,0.15079784651999997
Sdružení Valašsko-Horní Vsacko,67728189,0.15041661885
Kongresové centrum ILF a.s.,63999871,0.150319397
WASTECH a.s.,60733276,0.15025785157
Solar Turbines EAME s.r.o.,24671576,0.149999
CARTHAMUS a.s.,27062970,0.149604356
"Svazek obcí Doubravice nad Svitavou, Kuničky, Obora a Újezd u Boskovic",71246851,0.14945497172
EC Kutná Hora s.r.o.,28497422,0.149392639
JERUS a.s.,26709023,0.14928285
Obec Zašová,00304476,0.1483227169
Obec Bulhary,00283088,0.14824298443
Město Krupka,00266418,0.14812081557999998
Obec Obrnice,00266116,0.14800659967
Město Hořice,00271560,0.14719568006
Svazek obcí při formanské cestě,70867623,0.14711941738
"Biologické centrum AV ČR, v. v. i.",60077344,0.14701474804
Město Bohumín,00297569,0.14645982493000004
Město Rakovník,00244309,0.14601700958000002
MODELÁRNA LIAZ spol. s r.o.,27342191,0.145987001
MĚSTO BÍLINA,00266230,0.14563997384
Město Letohrad,00279129,0.14561286002
MĚSTO LOMNICE NAD POPELKOU,00275905,0.14545986628
DOBROVOLNÝ SVAZEK OBCÍ ČISTÝ JIHOVÝCHOD,75117436,0.14506747038
"BLANÁŘ NÁBYTEK,a.s.",26259842,0.144949826
"PIVOVAR SVIJANY, a.s.",25035207,0.14479018975
Městská část Praha 12,00231151,0.14410555249999998
Město Klimkovice,00298051,0.1437738199
Krajské ředitelství policie Jihočeského kraje,75151511,0.14373360149
Krajské ředitelství policie Královéhradeckého kraje,75151545,0.14348490738000003
Dobrovolný svazek obcí Domašovsko,49458990,0.14332799121
Obec Kunčice pod Ondřejníkem,00296856,0.14299024671000002
Město Tišnov,00282707,0.1427674475
MĚSTO POHOŘELICE,00283509,0.142724103
Městská část Praha 14,00231312,0.14260925508000002
KLEIN automotive s.r.o.,47683228,0.1423782
Město Čáslav,00236021,0.14209709074000001
Obec Smržice,00288772,0.14191073805
Obec Přemyslovice,00288683,0.14175100397000004
VTP ROZTOKY a.s.,27443396,0.141081216
"Svazek obcí ""Povodí Loučka""",70880751,0.14100267074
Město Mariánské Lázně,00254061,0.14097339205
MĚSTSKÁ ČÁST PRAHA 4,00063584,0.14091326082
Dopravní podnik města Pardubic a.s.,63217066,0.14088
Obec Drahanovice,00298841,0.14077759402
Technické služby Budišov s.r.o.,25558366,0.14056894586000002
Město Kaplice,00245941,0.14044686005999998
Město Broumov,00272523,0.1403557999
Městys Náměšť na Hané,00299260,0.14013108159
Město Staré Město,00567884,0.13995918177000002
Město Hluboká nad Vltavou,00244899,0.13956425127000002
TOS VARNSDORF a.s.,27327850,0.139511893
Město KYJOV,00285030,0.13902202532
"Vodovody a kanalizace Trutnov, a.s.",60108711,0.13898163804
Hasičský záchranný sbor Jihomoravského kraje,70884099,0.13871986716
"CARMAN-DOORS, s.r.o.",27764460,0.13784561387
ÚŘAD VLÁDY ČR,00006599,0.13766036019
Obec Vítězná,00278432,0.13749182843
OBEC ČELECHOVICE NA HANÉ,00288144,0.13731525926000002
OBEC TŘEBOTOV,00241741,0.13716815804
Obec Pomezí,00277185,0.13707456684
"FV - Plast, a.s.",26167654,0.13698672225
ČOV Velička,71220925,0.13677562896
"ZKL Brno, a.s.",25507851,0.136727382
"KANALIZACE OBCÍ V POVODÍ JEVIŠOVKY - Kyjovice, Žerotice, Tvořihráz, Výrovice",71188118,0.13662063004
ASSA ABLOY Czech & Slovakia s.r.o.,27465454,0.136602097
Svazek vodovodů a kanalizací Tišnovsko,49457004,0.13655618431
Svazek obcí VOK Mníšek pod Brdy,62932195,0.13592143905
"Centrála cestovního ruchu Východní Moravy, o.p.s.",27744485,0.13585384266
Městská část Praha 9,00063894,0.13568065402999996
"ČEZ Teplárenská, a.s.",27309941,0.1353921398
"Zoologická a botanická zahrada města Plzně, příspěvková organizace",00377015,0.13479879369999997
Ústav jaderného výzkumu Řež a.s.,46356088,0.13476202003999999
"EXBIO Praha, a.s.",25548611,0.134740342
"VETROPACK MORAVIA GLASS, akciová společnost",41505191,0.13425932361
Město Světlá nad Sázavou,00268321,0.13416151291
Městys Nosislav,00283428,0.13415069947
NetSuite Czech Republic s.r.o.,28985788,0.133719989
Město Sedlec-Prčice,00232645,0.13370449074
INSTITUT KLINICKÉ A EXPERIMENTÁLNÍ MEDICINY,00023001,0.13344010165999998
Město Frenštát pod Radhoštěm,00297852,0.1332324086
Město Vimperk,00250805,0.1328322072
Státní fond dopravní infrastruktury,70856508,0.13237147463
Město Dolní Poustevna,00261289,0.13213035505
Město Jesenice,00243825,0.13191196715
MERCATOR Energy a.s.,28198956,0.131622403
MATRIX a.s.,25947672,0.13141845021
Ústřední vojenská nemocnice - Vojenská fakultní nemocnice Praha,61383082,0.131164719
Město Nové Město na Moravě,00294900,0.13108622720000002
Obec Kobeřice,00300241,0.13101538088
MĚSTO NAPAJEDLA,00284220,0.13099092823
"Tritón Pardubice, spol. s r. o.",60110422,0.130809645
OBEC ŠESTAJOVICE,00240851,0.13077967485999997
Diecézní charita Brno,44990260,0.13029004014
MĚSTO  DOBŘÍŠ,00242098,0.12995467649
MĚSTO ČERNOŠICE,00241121,0.12966252989
Magna Exteriors & Interiors (Bohemia) s.r.o.,26195348,0.12907937089
Obec Bohuňovice,00298697,0.12866266767
"Krajské zařízení pro další vzdělávání pedagogických pracovníků a informační centrum, Nový Jičín, příspěvková organizace",62330403,0.12830677649
Město Skuteč,00270903,0.12819139621
OSTROV ZDRAVÍ o.p.s.,27999602,0.12794485743
Město Velká Bystřice,00299651,0.12785671857
Obec Horní Suchá,00575917,0.12776186672999998
"SVOS, spol. s r.o.",48152056,0.127171183
",, Nadace Josefa Viewegha Sklářská huť František """,27899161,0.127051259
Město Spálené Poříčí,00257249,0.12703582876000002
RETEX a.s.,46346431,0.126838761
Město Rokycany,00259047,0.12664546215
Město Bojkovice,00290807,0.12655746119000003
Konfederace zaměstnavatelských a podnikatelských svazů ČR,49627325,0.12651162907000002
Obec Dolní Dobrouč,00278742,0.1264029362
Město Blatná,00250996,0.12616596422999998
Město Králíky,00279072,0.12605144375
"Manner, občanské sdružení",26595621,0.12596325995000002
Město Dvůr Králové nad Labem,00277819,0.12574035403
Město Holešov,00287172,0.12571075347
ČSAD Frýdek - Místek a.s.,45192073,0.12566695958
"VÍTKOVICE STEEL, a. s.",27801454,0.1237750965
"""Mikroregion Litavka""",75113503,0.12372406186
SEVAPHARMA a.s.,25107305,0.123445071
Město Heřmanův Městec,00270041,0.12335637014
"EnergoFuture, a.s.",27810577,0.12297
Obec Radiměř,00277258,0.12288210006999999
DataSpring s.r.o.,28808681,0.122803548
HOUFEK a.s.,27523543,0.122763413
"HPH, spol.s r.o.",62957473,0.122307812
OBEC ZAJEČÍ,00283746,0.12207650141
UNEX a.s.,45192049,0.12203054559
Město Louny,00265209,0.12099882143
MĚSTO KRÁSNÁ LÍPA,00261459,0.12071260647
Hasičský záchranný sbor kraje Vysočina,70885184,0.12049183297
Město Lovosice,00263991,0.12006436625
"CHS Epi, a.s.",28207882,0.120044
MOSTEK energo s.r.o.,27558797,0.1197
Město Česká Lípa,00260428,0.11926029617999999
Svazek obcí ČOV Výšovice,71192018,0.11891541592
Občanské sdružení Ester,70599963,0.11889257220999998
Město NOVÉ HRADY,00245267,0.11881494621
Město Bílovec,00297755,0.11871040740999998
Integrovaná střední škola Cheb,00077461,0.11859937409999999
Obec Žďár,00238945,0.11850844775
POD BUKOVOU HOROU,70959633,0.11845617414
"ACTHERM, spol. s r.o.",48024091,0.11797744040000001
BIC Ostrava s.r.o.,49608444,0.117846488
Město Břidličná,00295906,0.11747803893
Záchranný útvar HZS ČR,75152304,0.1174165655
Město Milevsko,00249831,0.11733360388
Vodovody a kanalizace Židlochovicko,49458841,0.11715255938
Město Řevnice,00241636,0.11711320072
Všesportovní areál OBŘÍ SUD JAVORNÍK s.r.o.,25119109,0.1166275878
Hasičský záchranný sbor Ústeckého kraje,70886300,0.11650955793
Město Březová,00259250,0.11620406945
"SANS SOUCI, s.r.o.",27278727,0.1161800676
Město Nasavrky,00270580,0.11617292167
Obec Rapotín,00635901,0.11606644226999999
BRUSH SEM s.r.o.,25745735,0.115971134
Obec Křelov-Břuchotín,63028255,0.11580950109
Město Mnichovo Hradiště,00238309,0.11571398184000001
Obec Býšť,00273431,0.11541481667
Obec Jablůnka,00303852,0.11522366247
DF Partner s. r. o.,00545503,0.115083348
Město Klobouky u Brna,00283258,0.11490260164999999
ROZVOJ VENKOVA,70539111,0.11458793115
MĚSTO JABLONNÉ V PODJEŠTĚDÍ,00260576,0.11448815893000001
Daikin Industries Czech Republic s.r.o.,26357895,0.11437918741
"Fatra, a.s.",27465021,0.11428316588
SILO INVEST s.r.o.,27585573,0.11422951
Obec Starovičky,00283592,0.11372390901999999
Město  Milovice,00239453,0.11370052122
Obec Lednice,00283339,0.11352900706
Město Kunštát,00280470,0.1127178486
Obec Loučovice,00245984,0.11248746517
"KANALIZACE-HOSTĚRADICE,SKALICE,MORAŠICE",75108968,0.11236517102
Svazek obcí Čistý Zlechovský potok,75068664,0.11212988589
KARLA spol. s r.o.,14613182,0.11205157
"Industry Servis ZK, a.s.",63080303,0.111792005
Město Kopidlno,00271705,0.11174601645
"FORMPLAST PURKERT, s.r.o.",47450703,0.11169603833
Město Příbor,00298328,0.11168534733
Tělocvičná jednota Sokol Pardubice I.,00527785,0.11164495857999998
Obec Hať,00635511,0.11155822925999999
Obec Dlouhá Loučka,00298794,0.1113966548
PRESIDENT SECURITIES a.s.,27155994,0.11136667307999999
Město Horažďovice,00255513,0.11124827108000002
OBEC VESTEC,00507644,0.11117753728
Město Hlučín,00300063,0.11077999762000001
Svazek obcí Košťálov - Libštát,62013203,0.11074337326
Město Hostivice,00241237,0.11072205979000001
Město Vratimov,00297372,0.11065811916999997
L I N E T  spol. s r.o.,00507814,0.11063892414
Město Úsov,00303500,0.11047352082
Město Vítkov,00300870,0.11036964094999999
"VODOVOD - SVAZEK OBCÍ PRAVLOV, TRBOUŠANY, NĚMČIČKY, KUPAŘOVICE",70825564,0.11031664901
Obec Kamenice,00286079,0.11009156173000001
"K.M.TRADE,spol.s r.o.",25061551,0.109991984
Obec Konárovice,00235458,0.10995380601999999
MARLENKA international  s.r.o.,25900706,0.109877253
Město Nová Paka,00271888,0.10971703903999999
"TIRAD, s.r.o.",48208205,0.10968866901999999
"KRONOSPAN OSB, spol. s r.o.",26936364,0.109438
"KonekTel, a.s.",15051145,0.109382
Veolia Transport Morava a.s.,25827405,0.10924275467
BioVendor - Laboratorní medicína a.s.,63471507,0.10916353806
Obec Libchavy,00038113,0.10913888823000001
"Středisko služeb školám a Zařízení pro další vzdělávání pedagogických pracovníků Brno, příspěvková organizace",60555980,0.10910462544000002
YACHT KLUB CERE,70104565,0.10907694097
"ŽĎAS, a.s.",46347160,0.108975058
"Severočeská teplárenská, a.s.",28733118,0.10878672246
Obec Vráž,00233994,0.10865715062999999
Hasičský záchranný sbor Královéhradeckého kraje,70882525,0.10835345935
"ASPERA, spol. s r.o.",13497774,0.108337807
ČOV Drásov - Malhostovice,70965528,0.10812002417
PRECHEZA a.s.,26872307,0.10780816867
Hasičský záchranný sbor Jihočeského kraje,70882835,0.10780522140000001
Fakultní Thomayerova nemocnice s poliklinikou,00064190,0.10766271357000001
"Bioveta, a.s.",25304046,0.107424855
"FILÁK, s.r.o.",47674199,0.107223696
Cyklostezka Jihlava-Třebíč-Raabs,75122863,0.10718797707
"SEKO Aerospace, a.s.",25446592,0.10712332278
MĚSTSKÁ ČÁST PRAHA 5,00063631,0.10710047204999999
Střední odborná škola Josefa Sousedíka Vsetín,13643878,0.10703780051999999
Město Hronov,00272680,0.10695513304999998
Plastkon product s.r.o.,63321289,0.10686363
Město Město  Albrechtice,00296228,0.10681583817000001
TEPLO BRUNTÁL a. s.,25350676,0.10676544989
Město Hořovice,00233242,0.10665963157
OBEC ČERVENÁ VODA,00278637,0.10664573218999998
SOMA spol. s r. o.,45536724,0.106335882
Constellium Extrusions Děčín s.r.o.,18380654,0.10599836
Město Frýdlant nad Ostravicí,00296651,0.10559460565
"P A R D A M , s.r.o.",25268694,0.105198287
"ÚSTAV EXPERIMENTÁLNÍ BOTANIKY AV ČR, v.v.i.",61389030,0.10511887256
Obec Lánov,00278041,0.10508675818
"TOS KUŘIM - OS,a.s.",26231522,0.10492880401
OBEC BŘEZÍ,00283070,0.10492385522
"Honeywell, spol. s r.o.",18627757,0.104916857
Město Přelouč,00274101,0.10460747501
Město Nýrsko,00255921,0.10439886914
Město Dubí,00266281,0.10435899835999998
Vodárenská společnost Táborsko s.r.o.,26069539,0.10429250232
Město Žirovnice,00249505,0.10428157806999999
Obec Brodek u Přerova,00301078,0.10388110198999999
Obec Loděnice,00233510,0.10380614696000001
Město Moravský Krumlov,00293199,0.10379475248999999
Obec Dolní Roveň,00273503,0.10356630606
Město Březová nad Svitavou,00483869,0.10313502964
PEBAL s.r.o.,64830942,0.10291367029
Obec Senice na Hané,00299421,0.10281005208000002
"ČEZ Energo, s.r.o.",29060109,0.102746323
Krajské ředitelství policie Pardubického kraje,72050250,0.10270772806
Městys Cerhovice,00233196,0.10264948427000001
"MZ Liberec, a.s.",47306581,0.10214556166
MANN + HUMMEL Service s.r.o.,27745686,0.102141923
OREDO s.r.o.,25981854,0.10207641528
město Blovice,00256455,0.10194167514000001
"Jihočeský vědeckotechnický park, a.s.",28080581,0.101883923
"PRESBETON Nova, s.r.o.",47152532,0.10177275
TEMPO TRAINING  & CONSULTING a. s.,26813335,0.10167230307000001
"Edwards, s.r.o.",26461498,0.101502024
Obec Rosice,00270831,0.10136524227
Město  Bělá p.Bezdězem,00237434,0.10128342135
Město Újezd u Brna,00282740,0.10128019364999999
Státní zdravotní ústav se sídlem v Praze,75010330,0.10091348123
ČSAD Karviná a.s.,45192090,0.10079065371000001
Město Mníšek pod Brdy,00242748,0.1007857205
Obec Nesovice,00292141,0.10077781535
MĚSTO FRÝDLANT,00262781,0.10058829885
"Svazek obcí Sloup, Šošůvka - ČOV a kanalizace",71160388,0.10051239731999999
"VESK,s.r.o.",25713248,0.100441386
H. R. G. spol. s r.o.,47471611,0.10004721877
OBEC LICHNOV,00298115,0.10004298231
"K3 SPORT, s.r.o.",26830248,0.09999999998
MĚSTYS BRANKOVICE,00291668,0.09997271318999999
Město Bakov nad Jizerou,00237418,0.09988672801000002
Svazek obcí Drahansko a okolí,75055694,0.09982388297
"RPG Byty, s.r.o.",27769127,0.09951264878
Obec Všeradice,00234001,0.09926770769
Energetické centrum s.r.o.,26051818,0.09922253
Město Jevišovice,00292923,0.09914420349000001
Obec Lelekovice,00281999,0.09914193587
"DOPRAVNÍ PODNIK měst Mostu a Litvínova, a.s.",62242504,0.09898464097
"AISIS, občanské sdružení",67798853,0.09879066753
Obec Bělkovice - Lašťany,00298654,0.09863509549
Obec Dolní Lutyně,00297461,0.09838699701
C SYSTEM CZ a.s.,27675645,0.09832852956999999
GAMMA Property a.s.,28189329,0.09830138109
Město Dolní Bousov,00237680,0.09816276267
Obec Bílá Lhota,00298662,0.09775062053
Město Humpolec,00248266,0.09768935006999999
Město Liběchov,00237019,0.09750768306999999
Hasičský záchranný sbor Pardubického kraje,70885869,0.09713559914
Hasičský záchranný sbor Olomouckého kraje,70885940,0.09698962513
Město Chropyně,00287245,0.09690616162
"Fyziologický ústav AV ČR, v.v.i.",67985823,0.09690536375
"Dopravní podnik města České Budějovice, a.s.",25166115,0.0968569425
SILGOR a.s.,26856140,0.09678975315999999
MĚSTO PYŠELY,00240664,0.09675960159000001
"Nemocnice s poliklinikou Česká Lípa, a.s.",27283518,0.09637428217
MĚSTYS SVITÁVKA,00281042,0.09636518064999999
Městská část Praha 3,00063517,0.09635522645
TEXTIL INVEST s.r.o.,25376977,0.09610266653999999
Sedlecký kaolin a. s.,63509911,0.096060613
Městská nemocnice v Litoměřicích,00830488,0.09578648315999999
Město Moravský Beroun,00296244,0.09572195588000001
Město Rotava,00259551,0.09569389178
Městys Brozany nad Ohří,00263397,0.09520824715000001
"Nemocnice Břeclav, příspěvková organizace",00390780,0.09518429131
OBEC PUKLICE,00286460,0.0951596027
"Zdravotnická záchranná služba Jihomoravského kraje, příspěvková organizace",00346292,0.09511412321000001
MĚSTO JAROMĚŘICE NAD ROKYTNOU,00289507,0.09504022647
Hasičský záchranný sbor Libereckého kraje,70888744,0.09503520566
Obec Kořenov,00262421,0.09491876114
Město Kojetín,00301370,0.09487021306
Oblastní charita Červený Kostelec,48623814,0.09451510224
Město Klášterec nad Ohří,00261939,0.09442376619
STATUTÁRNÍ MĚSTO TEPLICE,00266621,0.09437920033
DSO Věstonice - likvidace odpadních vod,70960691,0.0940248362
"Ústav experimentální medicíny AV ČR, v.v.i.",68378041,0.09397296465999999
Město Kralovice,00257966,0.09390168421
Obec Jeseník nad Odrou,00297976,0.09376658147
MONÍNEC s.r.o.,25770659,0.09366687962999999
Město Dobřany,00256552,0.09355077755
OBEC STRÁNÍ,00291340,0.09317071835
Obec Hošťálková,00303798,0.09301205556
OBEC VELKÝ BERANOV,00286834,0.09292624658
Město Železná Ruda,00256358,0.09279368900999999
"MRB Sazovice, spol. s r.o.",63488051,0.09268897604000001
Ministerstvo kultury,00023671,0.09260832402
"PRESBETON Drahotuše, s.r.o.",26151201,0.092594686
"FORLIT, a.s.",25112058,0.092563525
TRIANGOLO spol. s r.o.,47906600,0.092367273
Obec Moravičany,00303046,0.09227582439
Hasičský záchranný sbor Zlínského kraje,70887306,0.09222877884
"CONTEG, spol. s r.o.",25701843,0.09213948748
"Klastr českých nábytkářů, družstvo",27695077,0.09206801
"Středisko společných činností AV ČR, v. v. i.",60457856,0.09203284802000002
Masarykova městská nemocnice v Jilemnici,00192546,0.09195412498
Obec Vodochody,00240991,0.09193524004999999
Město Velké Opatovice,00281247,0.09182177254000001
Home Credit International a.s.,60192666,0.09180191792
Slezské zemské muzeum,00100595,0.09173061101
LIPNO SERVIS s.r.o.,26016885,0.09171279570999999
"Nadace Partnerství (v mezinárodním styku ""Czech Environmental Partnership Foundation - CEPF)",45773521,0.09159897619
Město Jílové,00261408,0.09155277424000001
ZOO Dvůr Králové a.s.,27478246,0.09154073316
Doosan Bobcat Engineering s.r.o.,28171519,0.0914925803
"ANAJ Czech, a.s.",26797810,0.09137753286
"STROJÍRNA OSLAVANY, spol. s r.o.",49444531,0.09126097794
OBEC VELKÉ POPOVICE,00240966,0.09120913715999998
Obec Kvasice,00287385,0.09113250276000001
Obec Lochovice,00233528,0.09099225054
EDUCO CENTRUM s.r.o.,26869250,0.09098586973999999
Město Němčice nad Hanou,00288497,0.09072409697
"Biofyzikální ústav AV ČR, v.v.i.",68081707,0.09057062046000001
"BIOENERGO - KOMPLEX, s.r.o.",27888754,0.09
IS environment SE,24259993,0.089994
Město Rousínov,00292281,0.08995978648999998
Město Františkovy Lázně,00253936,0.08973894501
Obec Stará Ves nad Ondřejnicí,00297232,0.08945940614000002
"Svazek obcí Kelčany, Milotice, Skoronice, Vacenovice, Vlkoš",75833352,0.08941171221
Krajské ředitelství policie kraje Vysočina,72052147,0.08933810418
Město Lanškroun,00279102,0.08923228376999999
Obec Mikulovice,00303003,0.08922553394
Obec Doloplazy,00534927,0.08916999470999999
Antonie Hotels s.r.o.,28237978,0.08882541774
Město Přibyslav,00268097,0.08870703187000001
"KULIČKOVÉ ŠROUBY KUŘIM, a.s.",24782947,0.088669883
OBEC PSÁRY,00241580,0.08860851598000001
MĚSTO OPOČNO,00275191,0.0886082789
Obec Bohdíkov,00302376,0.08837541695
"MICo, spol. s r.o.",49433946,0.08825946
Obec Tršice,00299588,0.08805705848999999
CESA ENGINEERING a.s.,28325443,0.08801044
Město Lipník nad Bečvou,00301493,0.08788597714
ISOTHERM s.r.o.,60647612,0.087759348
Obec Hradec nad Svitavou,00579530,0.08772515906999999
Město  Nymburk,00239500,0.08762265970000001
Dobrovolný svazek obcí pro výstavbu společné ČOV a kanalizací v obcích Pavlov a Milovice,70963053,0.0876078521
Městys Stonařov,00286656,0.08759711022
Správa jeskyní České republiky,75073331,0.08752526986
Obec Ptení,00288691,0.08749859559999999
Město Nepomuk,00256986,0.08749568385999999
Obec Velký Osek,00235873,0.08732736231999999
Obec Všestary,00241016,0.08723179806
"Lázně Luhačovice, a.s.",46347828,0.08720418936
Obec Žleby,00236691,0.08715335212
TL-ULTRALIGHT s.r.o.,25949659,0.087045391
Město Březnice,00242004,0.08683238391
STÖLZLE - UNION s.r.o.,45349843,0.086773266
Svazek obcí Podkováňsko,72044314,0.08676849451999999
Město Koryčany,00287334,0.08670706488999999
ÚSTAV PRO PÉČI O MATKU A DÍTĚ,00023698,0.0866806349
"BEAS, a.s.",15061205,0.0866
Obec Bory,00294055,0.08658059194
Obec Broumy,00233145,0.08645843102
"Asistenční centrum, a.s.",63144883,0.08644856754000001
ZOOLOGICKÁ ZAHRADA,00064459,0.08634706257
"Nemocnice Znojmo, příspěvková organizace",00092584,0.08634428834999999
Obec Horní Bečva,00303771,0.08633269381
Advanced Design Solution s.r.o.,26837374,0.086313608
Czech Sport Aircraft a.s.,28240316,0.086200335
Plastic Parts & Technology s.r.o.,25971689,0.086169959
Město Hustopeče,00283193,0.08612865864
Město Vlachovo Březí,00250821,0.0860513144
Město Hostinné,00277908,0.08584432377000001
OBEC JETŘICHOV,00654116,0.08582879097999999
"Vyšší odborná škola DAKOL a Střední škola DAKOL, o.p.s.",25353446,0.08574469147
Město Čelákovice,00240117,0.08573175938
"Sdružení pro probaci a mediaci v justici, o.s.",60446871,0.08567187361999999
Obec Holubice,00542423,0.08565624691
"TVARBET MORAVIA, a.s.",13690558,0.085584042
Obec Předměřice nad Jizerou,00238473,0.08551317987000001
Obec Hnojice,00298921,0.08545989034
"TRYMAT, spol. s r.o.",44743611,0.085332129
Město Tanvald,00262587,0.08525903662
VUAB Pharma a.s.,63078180,0.08506849562999999
Město Vejprty,00262170,0.08466723936
"NANOPROGRES,z.s.p.o.",72070382,0.084612369
KOMA MODULAR CONSTRUCTION s.r.o.,46966170,0.08457624779
Sabris CZ s.r.o.,04201523,0.084402376
Wikov MGI a.s.,26491826,0.08412440168
"DAKO-CZ, a.s.",46505091,0.08403049102
Obec Jindřichov,00296074,0.08395577156
Město Osečná,00263061,0.08389841836
TEPLO Kopřivnice s.r.o.,26789264,0.083889122
"itelligence, a.s.",26718537,0.08383645825
Městys Nový Hrozenkov,00304131,0.0836346555
Serafin Campestrini s.r.o.,49023039,0.083602
TRW-Carr s.r.o.,46349618,0.08358719240000001
Město Slavonice,00247456,0.08357693156000001
Město Židlochovice,00282979,0.08351918242
Údolí pod Ostrým,71180761,0.08350217434
"KS Kolbenschmidt Czech Republic, a. s.",46708952,0.08349097289
Český telekomunikační úřad,70106975,0.08347502132000001
"Vítkovické slévárny, spol. s r.o.",62304992,0.08308438275000002
Město Stříbro,00260177,0.08299091422
Obec Svojetice,00240834,0.08298947691
Obec Lešany,00232122,0.08297244859
Obec Starovice,00283584,0.08286305170000001
"Gebauer a Griller Kabeltechnik, spol. s r.o.",49977644,0.0828438995
MĚSTO DUCHCOV,00266299,0.08280931076999999
Svazek obcí Těšetice a Ústín,71012427,0.08277694645
Město Mohelnice,00303038,0.08262887038
MĚSTO NOVÝ KNÍN,00242888,0.08256345122
Město Klecany,00240290,0.08219251188
MĚSTO VELKÉ PAVLOVICE,00283703,0.08218364757999998
ELMARCO s.r.o.,25421719,0.08216090006999999
Město Velké Meziříčí,00295671,0.08207671537000001
""" IZOS s.r.o. """,47285338,0.082068923
Střední odborná škola Otrokovice,00128198,0.0820650569
CELIO a.s.,48289922,0.08188619990000001
SVÚM a.s.,25797000,0.08186453115
Městys Suchdol nad Odrou,00298450,0.08186311766
Městys Jince,00242381,0.08165770269
"TOSHULIN, a.s.",25510851,0.08163321603
Město Velká Bíteš,00295647,0.08129858261999999
Město Mikulov,00283347,0.08121341158999999
Výzkumný ústav organických syntéz a.s.,60108975,0.08111699634
"SKLÁRNY MORAVIA, akciová společnost",16343646,0.08103619668
Obec Tlučná,00258385,0.08076257433
Obec Krmelín,00296848,0.08068091417
Město Štramberk,00298468,0.08067335404999999
OBEC SLOUP V ČECHÁCH,00525677,0.08062687219
Obec Zastávka,00488399,0.0805840326
"""Mikroregion Podralsko""",70809721,0.08056512017
Město Nové Sedlo,00259527,0.08052289976999999
OBEC ADRŠPACH,00653560,0.08037364387000001
Obec MIKULČICE,00285102,0.08032976584000003
SolarWinds Czech s.r.o.,28284461,0.080218706
"Splašková kanalizace a ČOV Brodek u Prostějova - Ondratice, svazek obcí",71222791,0.08021024666
MĚSTO LETOVICE,00280518,0.08010974006999999
Město Jilemnice,00275808,0.08008086644000001
Nemocnice Blansko,00386634,0.08003383872
S T A K O  společnost s ručením omezeným,42228468,0.08000293526999999
Eirtech Aviation Czech Republic a.s.,28601084,0.079999
Svazek obcí CYKLOSTEZKY,75132206,0.079915475
Obec Stříbrná Skalice,00235750,0.07986386297999999
BRANO a.s.,45193363,0.079857624
Obec Vranov,00282855,0.07984784992
Obec Velké Losiny,00303551,0.07978622714
Obec Braškov,00234176,0.07971968492999999
Městys Nezamyslice,00288501,0.07964109016000001
"CLITIA, a.s.",26510103,0.07950805609999999
MS BOLT a.s.,25368109,0.079498084
4MEDi - Centrum buněčné terapie a diagnostiky a.s.,28585330,0.079419768
Obec Hudlice,00233285,0.07940841052000001
Město Protivín,00250023,0.07879696059
Magna Exteriors (Nymburk) s.r.o.,25458051,0.07879311259999999
"LiFire, a.s.",28195671,0.078730092
Obec Libina,00302899,0.07872543715000001
Město Bechyně,00252069,0.07869078133
město Slavičín,00284459,0.07861369025
OBEC BRODEK U KONICE,00288055,0.07834817217000001
"STAREZ - SPORT, a.s.",26932211,0.0783357122
OSTROJ a.s.,45193681,0.07833172878
"Technistone, a.s.",25932080,0.07832953829
JOB ASISTENT s.r.o.,25457080,0.07827788506
"Intelligent Markets, a.s.",24139564,0.078152575
"MSA, a.s.",45192278,0.07814840281
Město Nová Bystřice,00247138,0.07811199642
Obec Boršov nad Vltavou,00244694,0.07805059886999999
Město Horní Benešov,00296007,0.07804253505
Vedrovice a Kubšice - ČOV a tlaková kanalizace,72041277,0.07797473045999999
Obec Velká Dobrá,00235083,0.07795864012999999
Obec České Meziříčí,00274810,0.07795514769
"ALTECH, spol. s r.o.",46344861,0.077796734
KOVOLIS HEDVIKOV a.s.,61058041,0.0777749169
Město Hradec nad Moravicí,00300144,0.07767592201999998
MĚSTO RUDNÁ,00233773,0.07767024269999999
"JMA stavební, spol. s r.o.",18198627,0.077459451
"Nemocnice Písek, a.s.",26095190,0.0772791873
Město Železný Brod,00262633,0.07723649830000001
HC OCELÁŘI TŘINEC o.s.,69609624,0.07720469734999999
Město Cvikov,00260410,0.07718499037
Magna Cartech spol. s r.o.,60839368,0.07709282236
Bohemia Lignum a.s.,14707748,0.077023262
"Střední škola informatiky a služeb, Dvůr Králové nad Labem, Elišky Krásnohorské 2069",67439918,0.07683582585
Město Mnichovice,00240478,0.07667560434
